-- phpMyAdmin SQL Dump
-- version 5.0.4
-- https://www.phpmyadmin.net/
--
-- Host: localhost
-- Creato il: Mar 06, 2021 alle 15:34
-- Versione del server: 10.4.17-MariaDB
-- Versione PHP: 7.3.27

SET SQL_MODE = "NO_AUTO_VALUE_ON_ZERO";
START TRANSACTION;
SET time_zone = "+00:00";


/*!40101 SET @OLD_CHARACTER_SET_CLIENT=@@CHARACTER_SET_CLIENT */;
/*!40101 SET @OLD_CHARACTER_SET_RESULTS=@@CHARACTER_SET_RESULTS */;
/*!40101 SET @OLD_COLLATION_CONNECTION=@@COLLATION_CONNECTION */;
/*!40101 SET NAMES utf8mb4 */;

--
-- Database: `Tatuaggi2`
--

-- --------------------------------------------------------

--
-- Struttura della tabella `appuntamento`
--

CREATE TABLE `appuntamento` (
  `ID_appuntamento` int(10) UNSIGNED NOT NULL,
  `ID_cliente` int(10) UNSIGNED NOT NULL,
  `ID_tatuatore` int(10) UNSIGNED NOT NULL,
  `data/ora` datetime NOT NULL,
  `bozza` blob NOT NULL
) ENGINE=InnoDB DEFAULT CHARSET=utf8mb4;

--
-- Dump dei dati per la tabella `appuntamento`
--

INSERT INTO `appuntamento` (`ID_appuntamento`, `ID_cliente`, `ID_tatuatore`, `data/ora`, `bozza`) VALUES
(1, 74, 8, '1986-08-04 08:33:15', 0x687474703a2f2f6c6f72656d706978656c2e636f6d2f3630302f3430302f),
(2, 103, 8, '2008-04-28 14:25:58', 0x687474703a2f2f6c6f72656d706978656c2e636f6d2f3630302f3430302f),
(3, 47, 10, '1982-12-02 21:04:01', 0x687474703a2f2f6c6f72656d706978656c2e636f6d2f3630302f3430302f),
(4, 92, 5, '1972-03-05 08:22:30', 0x687474703a2f2f6c6f72656d706978656c2e636f6d2f3630302f3430302f),
(5, 128, 5, '1979-11-22 23:16:42', 0x687474703a2f2f6c6f72656d706978656c2e636f6d2f3630302f3430302f),
(6, 112, 6, '1980-02-04 21:35:12', 0x687474703a2f2f6c6f72656d706978656c2e636f6d2f3630302f3430302f),
(7, 229, 10, '1977-07-07 05:02:15', 0x687474703a2f2f6c6f72656d706978656c2e636f6d2f3630302f3430302f),
(8, 227, 2, '2018-11-08 04:03:04', 0x687474703a2f2f6c6f72656d706978656c2e636f6d2f3630302f3430302f),
(9, 13, 10, '1976-03-28 00:28:37', 0x687474703a2f2f6c6f72656d706978656c2e636f6d2f3630302f3430302f),
(10, 95, 9, '1996-09-03 03:56:54', 0x687474703a2f2f6c6f72656d706978656c2e636f6d2f3630302f3430302f),
(11, 152, 2, '2008-05-18 03:35:21', 0x687474703a2f2f6c6f72656d706978656c2e636f6d2f3630302f3430302f),
(12, 239, 4, '2004-07-18 14:41:26', 0x687474703a2f2f6c6f72656d706978656c2e636f6d2f3630302f3430302f),
(13, 242, 2, '1984-03-04 21:12:42', 0x687474703a2f2f6c6f72656d706978656c2e636f6d2f3630302f3430302f),
(14, 213, 4, '1981-02-07 09:12:40', 0x687474703a2f2f6c6f72656d706978656c2e636f6d2f3630302f3430302f),
(15, 12, 10, '1971-05-28 23:42:55', 0x687474703a2f2f6c6f72656d706978656c2e636f6d2f3630302f3430302f),
(16, 141, 3, '2010-08-11 12:18:02', 0x687474703a2f2f6c6f72656d706978656c2e636f6d2f3630302f3430302f),
(17, 219, 9, '1973-11-26 11:05:19', 0x687474703a2f2f6c6f72656d706978656c2e636f6d2f3630302f3430302f),
(18, 18, 9, '1997-07-09 18:32:45', 0x687474703a2f2f6c6f72656d706978656c2e636f6d2f3630302f3430302f),
(19, 218, 4, '1994-10-05 17:24:19', 0x687474703a2f2f6c6f72656d706978656c2e636f6d2f3630302f3430302f),
(20, 112, 2, '1999-02-02 01:15:27', 0x687474703a2f2f6c6f72656d706978656c2e636f6d2f3630302f3430302f),
(21, 244, 8, '1982-01-29 20:23:48', 0x687474703a2f2f6c6f72656d706978656c2e636f6d2f3630302f3430302f),
(22, 202, 6, '2016-02-19 12:37:07', 0x687474703a2f2f6c6f72656d706978656c2e636f6d2f3630302f3430302f),
(23, 200, 5, '2005-03-20 08:09:00', 0x687474703a2f2f6c6f72656d706978656c2e636f6d2f3630302f3430302f),
(24, 215, 8, '1986-12-06 14:20:04', 0x687474703a2f2f6c6f72656d706978656c2e636f6d2f3630302f3430302f),
(25, 117, 1, '2008-01-01 13:37:37', 0x687474703a2f2f6c6f72656d706978656c2e636f6d2f3630302f3430302f),
(26, 160, 9, '2013-06-20 03:31:39', 0x687474703a2f2f6c6f72656d706978656c2e636f6d2f3630302f3430302f),
(27, 40, 4, '2016-07-01 07:40:27', 0x687474703a2f2f6c6f72656d706978656c2e636f6d2f3630302f3430302f),
(28, 67, 10, '1990-02-26 19:20:04', 0x687474703a2f2f6c6f72656d706978656c2e636f6d2f3630302f3430302f),
(29, 136, 10, '2009-12-12 15:30:43', 0x687474703a2f2f6c6f72656d706978656c2e636f6d2f3630302f3430302f),
(30, 98, 5, '1975-06-22 19:51:41', 0x687474703a2f2f6c6f72656d706978656c2e636f6d2f3630302f3430302f),
(31, 265, 8, '1977-11-09 06:15:45', 0x687474703a2f2f6c6f72656d706978656c2e636f6d2f3630302f3430302f),
(32, 232, 7, '1987-03-13 03:09:13', 0x687474703a2f2f6c6f72656d706978656c2e636f6d2f3630302f3430302f),
(33, 181, 9, '2001-07-23 08:02:52', 0x687474703a2f2f6c6f72656d706978656c2e636f6d2f3630302f3430302f),
(34, 149, 4, '2016-06-19 15:29:04', 0x687474703a2f2f6c6f72656d706978656c2e636f6d2f3630302f3430302f),
(35, 60, 9, '1993-06-21 19:01:09', 0x687474703a2f2f6c6f72656d706978656c2e636f6d2f3630302f3430302f),
(36, 142, 1, '2016-10-09 22:56:20', 0x687474703a2f2f6c6f72656d706978656c2e636f6d2f3630302f3430302f),
(37, 183, 2, '1984-01-28 12:50:05', 0x687474703a2f2f6c6f72656d706978656c2e636f6d2f3630302f3430302f),
(38, 176, 3, '1979-12-16 04:46:13', 0x687474703a2f2f6c6f72656d706978656c2e636f6d2f3630302f3430302f),
(39, 173, 3, '1991-05-06 01:18:23', 0x687474703a2f2f6c6f72656d706978656c2e636f6d2f3630302f3430302f),
(40, 295, 10, '1992-11-07 12:46:09', 0x687474703a2f2f6c6f72656d706978656c2e636f6d2f3630302f3430302f),
(41, 99, 6, '1993-02-20 00:07:13', 0x687474703a2f2f6c6f72656d706978656c2e636f6d2f3630302f3430302f),
(42, 258, 5, '1989-04-30 22:23:08', 0x687474703a2f2f6c6f72656d706978656c2e636f6d2f3630302f3430302f),
(43, 252, 1, '1974-06-04 22:03:39', 0x687474703a2f2f6c6f72656d706978656c2e636f6d2f3630302f3430302f),
(44, 119, 3, '2000-10-08 16:28:57', 0x687474703a2f2f6c6f72656d706978656c2e636f6d2f3630302f3430302f),
(45, 3, 8, '2010-03-01 01:08:10', 0x687474703a2f2f6c6f72656d706978656c2e636f6d2f3630302f3430302f),
(46, 234, 9, '1994-06-26 23:10:29', 0x687474703a2f2f6c6f72656d706978656c2e636f6d2f3630302f3430302f),
(47, 154, 6, '1980-06-12 17:53:29', 0x687474703a2f2f6c6f72656d706978656c2e636f6d2f3630302f3430302f),
(48, 151, 2, '2000-03-23 09:46:08', 0x687474703a2f2f6c6f72656d706978656c2e636f6d2f3630302f3430302f),
(49, 115, 10, '1990-10-20 23:25:44', 0x687474703a2f2f6c6f72656d706978656c2e636f6d2f3630302f3430302f),
(50, 132, 6, '1984-06-07 00:52:34', 0x687474703a2f2f6c6f72656d706978656c2e636f6d2f3630302f3430302f),
(51, 259, 10, '1976-11-14 03:24:49', 0x687474703a2f2f6c6f72656d706978656c2e636f6d2f3630302f3430302f),
(52, 178, 5, '2010-03-26 09:05:52', 0x687474703a2f2f6c6f72656d706978656c2e636f6d2f3630302f3430302f),
(53, 18, 2, '1982-05-25 21:53:13', 0x687474703a2f2f6c6f72656d706978656c2e636f6d2f3630302f3430302f),
(54, 224, 7, '2012-09-30 14:42:04', 0x687474703a2f2f6c6f72656d706978656c2e636f6d2f3630302f3430302f),
(55, 143, 8, '1989-07-04 21:25:33', 0x687474703a2f2f6c6f72656d706978656c2e636f6d2f3630302f3430302f),
(56, 179, 9, '1999-01-05 22:17:21', 0x687474703a2f2f6c6f72656d706978656c2e636f6d2f3630302f3430302f),
(57, 71, 5, '1998-02-05 18:09:18', 0x687474703a2f2f6c6f72656d706978656c2e636f6d2f3630302f3430302f),
(58, 79, 1, '2015-05-08 15:35:36', 0x687474703a2f2f6c6f72656d706978656c2e636f6d2f3630302f3430302f),
(59, 160, 7, '2010-03-27 01:16:44', 0x687474703a2f2f6c6f72656d706978656c2e636f6d2f3630302f3430302f),
(60, 110, 6, '1978-02-08 04:04:34', 0x687474703a2f2f6c6f72656d706978656c2e636f6d2f3630302f3430302f),
(61, 114, 2, '1994-04-02 15:51:33', 0x687474703a2f2f6c6f72656d706978656c2e636f6d2f3630302f3430302f),
(62, 130, 9, '1998-07-25 17:03:14', 0x687474703a2f2f6c6f72656d706978656c2e636f6d2f3630302f3430302f),
(63, 209, 10, '1992-01-13 05:02:20', 0x687474703a2f2f6c6f72656d706978656c2e636f6d2f3630302f3430302f),
(64, 2, 1, '2004-01-11 22:20:21', 0x687474703a2f2f6c6f72656d706978656c2e636f6d2f3630302f3430302f),
(65, 279, 5, '2016-04-19 02:30:01', 0x687474703a2f2f6c6f72656d706978656c2e636f6d2f3630302f3430302f),
(66, 198, 8, '2008-04-10 17:29:18', 0x687474703a2f2f6c6f72656d706978656c2e636f6d2f3630302f3430302f),
(67, 107, 3, '1977-05-29 05:31:13', 0x687474703a2f2f6c6f72656d706978656c2e636f6d2f3630302f3430302f),
(68, 78, 5, '1997-10-03 00:43:20', 0x687474703a2f2f6c6f72656d706978656c2e636f6d2f3630302f3430302f),
(69, 130, 1, '1981-12-09 15:21:41', 0x687474703a2f2f6c6f72656d706978656c2e636f6d2f3630302f3430302f),
(70, 14, 10, '1991-02-13 09:42:37', 0x687474703a2f2f6c6f72656d706978656c2e636f6d2f3630302f3430302f),
(71, 219, 7, '1998-04-14 00:34:54', 0x687474703a2f2f6c6f72656d706978656c2e636f6d2f3630302f3430302f),
(72, 213, 10, '2013-02-27 16:59:44', 0x687474703a2f2f6c6f72656d706978656c2e636f6d2f3630302f3430302f),
(73, 29, 10, '2011-02-28 14:11:04', 0x687474703a2f2f6c6f72656d706978656c2e636f6d2f3630302f3430302f),
(74, 12, 7, '1996-01-04 18:40:22', 0x687474703a2f2f6c6f72656d706978656c2e636f6d2f3630302f3430302f),
(75, 189, 5, '1993-06-29 15:00:33', 0x687474703a2f2f6c6f72656d706978656c2e636f6d2f3630302f3430302f),
(76, 50, 1, '1997-01-20 18:11:56', 0x687474703a2f2f6c6f72656d706978656c2e636f6d2f3630302f3430302f),
(77, 164, 6, '1986-03-26 12:45:59', 0x687474703a2f2f6c6f72656d706978656c2e636f6d2f3630302f3430302f),
(78, 270, 3, '2003-04-22 11:34:35', 0x687474703a2f2f6c6f72656d706978656c2e636f6d2f3630302f3430302f),
(79, 159, 10, '1977-10-25 14:30:03', 0x687474703a2f2f6c6f72656d706978656c2e636f6d2f3630302f3430302f),
(80, 96, 5, '1980-12-30 23:13:14', 0x687474703a2f2f6c6f72656d706978656c2e636f6d2f3630302f3430302f),
(81, 104, 10, '2003-02-25 18:47:19', 0x687474703a2f2f6c6f72656d706978656c2e636f6d2f3630302f3430302f),
(82, 74, 8, '1970-08-22 08:05:38', 0x687474703a2f2f6c6f72656d706978656c2e636f6d2f3630302f3430302f),
(83, 70, 6, '2016-01-02 09:57:50', 0x687474703a2f2f6c6f72656d706978656c2e636f6d2f3630302f3430302f),
(84, 35, 7, '2005-03-14 13:27:02', 0x687474703a2f2f6c6f72656d706978656c2e636f6d2f3630302f3430302f),
(85, 152, 2, '1979-08-11 22:49:05', 0x687474703a2f2f6c6f72656d706978656c2e636f6d2f3630302f3430302f),
(86, 171, 3, '1995-07-27 09:10:28', 0x687474703a2f2f6c6f72656d706978656c2e636f6d2f3630302f3430302f),
(87, 241, 3, '1998-04-13 06:23:22', 0x687474703a2f2f6c6f72656d706978656c2e636f6d2f3630302f3430302f),
(88, 59, 9, '1994-04-23 18:39:02', 0x687474703a2f2f6c6f72656d706978656c2e636f6d2f3630302f3430302f),
(89, 75, 3, '1995-06-24 17:06:39', 0x687474703a2f2f6c6f72656d706978656c2e636f6d2f3630302f3430302f),
(90, 158, 9, '1977-09-21 21:07:58', 0x687474703a2f2f6c6f72656d706978656c2e636f6d2f3630302f3430302f),
(91, 192, 7, '1992-06-28 21:21:49', 0x687474703a2f2f6c6f72656d706978656c2e636f6d2f3630302f3430302f),
(92, 266, 2, '1975-09-12 16:55:22', 0x687474703a2f2f6c6f72656d706978656c2e636f6d2f3630302f3430302f),
(93, 86, 8, '1990-04-17 06:55:51', 0x687474703a2f2f6c6f72656d706978656c2e636f6d2f3630302f3430302f),
(94, 127, 9, '1984-04-20 21:03:50', 0x687474703a2f2f6c6f72656d706978656c2e636f6d2f3630302f3430302f),
(95, 206, 8, '1982-04-03 23:20:52', 0x687474703a2f2f6c6f72656d706978656c2e636f6d2f3630302f3430302f),
(96, 81, 1, '1995-10-03 18:46:01', 0x687474703a2f2f6c6f72656d706978656c2e636f6d2f3630302f3430302f),
(97, 216, 6, '2019-04-16 21:54:14', 0x687474703a2f2f6c6f72656d706978656c2e636f6d2f3630302f3430302f),
(98, 219, 10, '2016-04-10 13:51:53', 0x687474703a2f2f6c6f72656d706978656c2e636f6d2f3630302f3430302f),
(99, 5, 9, '2004-10-06 19:56:52', 0x687474703a2f2f6c6f72656d706978656c2e636f6d2f3630302f3430302f),
(100, 183, 6, '1974-09-03 01:52:25', 0x687474703a2f2f6c6f72656d706978656c2e636f6d2f3630302f3430302f),
(101, 2, 2, '2012-12-17 13:27:18', 0x687474703a2f2f6c6f72656d706978656c2e636f6d2f3630302f3430302f),
(102, 226, 9, '1971-12-22 12:19:40', 0x687474703a2f2f6c6f72656d706978656c2e636f6d2f3630302f3430302f),
(103, 136, 10, '1983-10-22 09:12:19', 0x687474703a2f2f6c6f72656d706978656c2e636f6d2f3630302f3430302f),
(104, 212, 7, '2017-12-08 07:17:11', 0x687474703a2f2f6c6f72656d706978656c2e636f6d2f3630302f3430302f),
(105, 56, 3, '2015-04-25 06:12:12', 0x687474703a2f2f6c6f72656d706978656c2e636f6d2f3630302f3430302f),
(106, 174, 9, '2015-06-26 00:36:41', 0x687474703a2f2f6c6f72656d706978656c2e636f6d2f3630302f3430302f),
(107, 276, 5, '1978-08-28 07:16:55', 0x687474703a2f2f6c6f72656d706978656c2e636f6d2f3630302f3430302f),
(108, 2, 3, '2001-06-20 15:04:25', 0x687474703a2f2f6c6f72656d706978656c2e636f6d2f3630302f3430302f),
(109, 74, 5, '1976-07-10 21:23:39', 0x687474703a2f2f6c6f72656d706978656c2e636f6d2f3630302f3430302f),
(110, 4, 10, '1981-02-24 00:14:13', 0x687474703a2f2f6c6f72656d706978656c2e636f6d2f3630302f3430302f),
(111, 51, 3, '2005-03-24 20:26:55', 0x687474703a2f2f6c6f72656d706978656c2e636f6d2f3630302f3430302f),
(112, 288, 9, '2012-12-25 20:33:37', 0x687474703a2f2f6c6f72656d706978656c2e636f6d2f3630302f3430302f),
(113, 238, 7, '2001-03-18 23:44:42', 0x687474703a2f2f6c6f72656d706978656c2e636f6d2f3630302f3430302f),
(114, 251, 9, '1981-05-22 13:12:59', 0x687474703a2f2f6c6f72656d706978656c2e636f6d2f3630302f3430302f),
(115, 160, 5, '2008-06-09 22:54:08', 0x687474703a2f2f6c6f72656d706978656c2e636f6d2f3630302f3430302f),
(116, 99, 6, '1984-01-03 22:21:50', 0x687474703a2f2f6c6f72656d706978656c2e636f6d2f3630302f3430302f),
(117, 187, 1, '1981-07-31 23:29:31', 0x687474703a2f2f6c6f72656d706978656c2e636f6d2f3630302f3430302f),
(118, 104, 1, '2006-03-08 08:27:43', 0x687474703a2f2f6c6f72656d706978656c2e636f6d2f3630302f3430302f),
(119, 9, 1, '2014-07-15 07:39:50', 0x687474703a2f2f6c6f72656d706978656c2e636f6d2f3630302f3430302f),
(120, 233, 3, '1989-07-31 02:57:03', 0x687474703a2f2f6c6f72656d706978656c2e636f6d2f3630302f3430302f),
(121, 85, 4, '1979-01-10 04:39:38', 0x687474703a2f2f6c6f72656d706978656c2e636f6d2f3630302f3430302f),
(122, 11, 2, '1999-08-12 17:23:47', 0x687474703a2f2f6c6f72656d706978656c2e636f6d2f3630302f3430302f),
(123, 244, 1, '2019-03-06 02:16:29', 0x687474703a2f2f6c6f72656d706978656c2e636f6d2f3630302f3430302f),
(124, 121, 1, '1978-03-16 00:34:53', 0x687474703a2f2f6c6f72656d706978656c2e636f6d2f3630302f3430302f),
(125, 140, 5, '1975-01-25 09:23:10', 0x687474703a2f2f6c6f72656d706978656c2e636f6d2f3630302f3430302f),
(126, 296, 7, '2009-07-25 23:30:16', 0x687474703a2f2f6c6f72656d706978656c2e636f6d2f3630302f3430302f),
(127, 209, 10, '1985-04-04 21:51:30', 0x687474703a2f2f6c6f72656d706978656c2e636f6d2f3630302f3430302f),
(128, 156, 5, '1971-02-23 04:13:42', 0x687474703a2f2f6c6f72656d706978656c2e636f6d2f3630302f3430302f),
(129, 189, 4, '1989-12-19 03:01:34', 0x687474703a2f2f6c6f72656d706978656c2e636f6d2f3630302f3430302f),
(130, 88, 2, '1978-02-22 11:52:02', 0x687474703a2f2f6c6f72656d706978656c2e636f6d2f3630302f3430302f),
(131, 241, 7, '1981-09-19 05:55:25', 0x687474703a2f2f6c6f72656d706978656c2e636f6d2f3630302f3430302f),
(132, 209, 5, '2005-04-19 14:23:42', 0x687474703a2f2f6c6f72656d706978656c2e636f6d2f3630302f3430302f),
(133, 210, 1, '2001-02-27 19:43:30', 0x687474703a2f2f6c6f72656d706978656c2e636f6d2f3630302f3430302f),
(134, 149, 8, '1998-09-25 12:03:17', 0x687474703a2f2f6c6f72656d706978656c2e636f6d2f3630302f3430302f),
(135, 28, 3, '2014-10-29 07:41:27', 0x687474703a2f2f6c6f72656d706978656c2e636f6d2f3630302f3430302f),
(136, 283, 4, '1971-12-18 04:27:02', 0x687474703a2f2f6c6f72656d706978656c2e636f6d2f3630302f3430302f),
(137, 187, 10, '1970-06-28 17:27:02', 0x687474703a2f2f6c6f72656d706978656c2e636f6d2f3630302f3430302f),
(138, 172, 5, '1972-03-20 07:35:59', 0x687474703a2f2f6c6f72656d706978656c2e636f6d2f3630302f3430302f),
(139, 4, 10, '2015-02-13 11:04:52', 0x687474703a2f2f6c6f72656d706978656c2e636f6d2f3630302f3430302f),
(140, 147, 5, '2013-12-23 22:02:58', 0x687474703a2f2f6c6f72656d706978656c2e636f6d2f3630302f3430302f),
(141, 117, 5, '2003-06-20 13:37:29', 0x687474703a2f2f6c6f72656d706978656c2e636f6d2f3630302f3430302f),
(142, 33, 1, '2004-12-21 03:47:02', 0x687474703a2f2f6c6f72656d706978656c2e636f6d2f3630302f3430302f),
(143, 125, 7, '1976-05-08 19:12:40', 0x687474703a2f2f6c6f72656d706978656c2e636f6d2f3630302f3430302f),
(144, 171, 1, '1977-02-12 12:16:36', 0x687474703a2f2f6c6f72656d706978656c2e636f6d2f3630302f3430302f),
(145, 296, 9, '1999-06-25 12:14:19', 0x687474703a2f2f6c6f72656d706978656c2e636f6d2f3630302f3430302f),
(146, 62, 8, '1981-02-19 10:05:23', 0x687474703a2f2f6c6f72656d706978656c2e636f6d2f3630302f3430302f),
(147, 144, 9, '1981-12-23 19:31:59', 0x687474703a2f2f6c6f72656d706978656c2e636f6d2f3630302f3430302f),
(148, 63, 2, '1994-11-05 14:20:32', 0x687474703a2f2f6c6f72656d706978656c2e636f6d2f3630302f3430302f),
(149, 282, 8, '1983-01-31 16:50:41', 0x687474703a2f2f6c6f72656d706978656c2e636f6d2f3630302f3430302f),
(150, 272, 1, '2014-06-27 15:25:33', 0x687474703a2f2f6c6f72656d706978656c2e636f6d2f3630302f3430302f),
(151, 293, 9, '1975-10-15 21:10:45', 0x687474703a2f2f6c6f72656d706978656c2e636f6d2f3630302f3430302f),
(152, 122, 6, '1971-08-28 05:05:26', 0x687474703a2f2f6c6f72656d706978656c2e636f6d2f3630302f3430302f),
(153, 246, 10, '2002-02-17 06:02:22', 0x687474703a2f2f6c6f72656d706978656c2e636f6d2f3630302f3430302f),
(154, 9, 9, '1983-10-14 01:02:00', 0x687474703a2f2f6c6f72656d706978656c2e636f6d2f3630302f3430302f),
(155, 285, 6, '1983-10-10 00:02:06', 0x687474703a2f2f6c6f72656d706978656c2e636f6d2f3630302f3430302f),
(156, 92, 4, '1989-02-18 03:24:53', 0x687474703a2f2f6c6f72656d706978656c2e636f6d2f3630302f3430302f),
(157, 298, 5, '1997-03-24 08:45:46', 0x687474703a2f2f6c6f72656d706978656c2e636f6d2f3630302f3430302f),
(158, 126, 5, '1992-01-09 20:10:56', 0x687474703a2f2f6c6f72656d706978656c2e636f6d2f3630302f3430302f),
(159, 13, 10, '1985-02-05 23:21:50', 0x687474703a2f2f6c6f72656d706978656c2e636f6d2f3630302f3430302f),
(160, 136, 1, '2001-02-04 01:57:07', 0x687474703a2f2f6c6f72656d706978656c2e636f6d2f3630302f3430302f),
(161, 254, 7, '2005-08-15 11:22:30', 0x687474703a2f2f6c6f72656d706978656c2e636f6d2f3630302f3430302f),
(162, 243, 4, '1971-01-10 17:36:51', 0x687474703a2f2f6c6f72656d706978656c2e636f6d2f3630302f3430302f),
(163, 166, 1, '2018-04-02 23:45:20', 0x687474703a2f2f6c6f72656d706978656c2e636f6d2f3630302f3430302f),
(164, 150, 5, '1976-04-22 15:47:16', 0x687474703a2f2f6c6f72656d706978656c2e636f6d2f3630302f3430302f),
(165, 216, 5, '1987-06-04 21:56:31', 0x687474703a2f2f6c6f72656d706978656c2e636f6d2f3630302f3430302f),
(166, 158, 7, '2017-09-13 06:26:04', 0x687474703a2f2f6c6f72656d706978656c2e636f6d2f3630302f3430302f),
(167, 75, 10, '2014-06-06 17:23:11', 0x687474703a2f2f6c6f72656d706978656c2e636f6d2f3630302f3430302f),
(168, 87, 1, '1981-10-10 17:47:16', 0x687474703a2f2f6c6f72656d706978656c2e636f6d2f3630302f3430302f),
(169, 272, 4, '2020-09-01 16:58:22', 0x687474703a2f2f6c6f72656d706978656c2e636f6d2f3630302f3430302f),
(170, 270, 9, '1997-03-14 03:12:02', 0x687474703a2f2f6c6f72656d706978656c2e636f6d2f3630302f3430302f),
(171, 250, 3, '2002-06-28 22:32:20', 0x687474703a2f2f6c6f72656d706978656c2e636f6d2f3630302f3430302f),
(172, 58, 9, '1991-12-06 22:46:30', 0x687474703a2f2f6c6f72656d706978656c2e636f6d2f3630302f3430302f),
(173, 186, 7, '1994-07-20 11:16:38', 0x687474703a2f2f6c6f72656d706978656c2e636f6d2f3630302f3430302f),
(174, 69, 7, '2016-02-19 18:23:11', 0x687474703a2f2f6c6f72656d706978656c2e636f6d2f3630302f3430302f),
(175, 179, 7, '2013-12-18 09:08:11', 0x687474703a2f2f6c6f72656d706978656c2e636f6d2f3630302f3430302f),
(176, 205, 5, '1992-03-03 22:10:39', 0x687474703a2f2f6c6f72656d706978656c2e636f6d2f3630302f3430302f),
(177, 100, 5, '1979-07-29 08:57:34', 0x687474703a2f2f6c6f72656d706978656c2e636f6d2f3630302f3430302f),
(178, 229, 9, '1970-09-22 09:48:29', 0x687474703a2f2f6c6f72656d706978656c2e636f6d2f3630302f3430302f),
(179, 153, 3, '1984-08-03 04:43:27', 0x687474703a2f2f6c6f72656d706978656c2e636f6d2f3630302f3430302f),
(180, 113, 3, '2011-03-10 06:13:03', 0x687474703a2f2f6c6f72656d706978656c2e636f6d2f3630302f3430302f),
(181, 200, 10, '2006-08-22 18:29:20', 0x687474703a2f2f6c6f72656d706978656c2e636f6d2f3630302f3430302f),
(182, 277, 10, '1994-04-07 15:20:20', 0x687474703a2f2f6c6f72656d706978656c2e636f6d2f3630302f3430302f),
(183, 249, 3, '1970-10-09 08:19:28', 0x687474703a2f2f6c6f72656d706978656c2e636f6d2f3630302f3430302f),
(184, 295, 8, '2007-07-27 15:13:08', 0x687474703a2f2f6c6f72656d706978656c2e636f6d2f3630302f3430302f),
(185, 157, 9, '1987-05-06 01:01:43', 0x687474703a2f2f6c6f72656d706978656c2e636f6d2f3630302f3430302f),
(186, 177, 4, '2017-12-12 20:27:56', 0x687474703a2f2f6c6f72656d706978656c2e636f6d2f3630302f3430302f),
(187, 26, 8, '1980-02-21 10:32:21', 0x687474703a2f2f6c6f72656d706978656c2e636f6d2f3630302f3430302f),
(188, 53, 8, '1993-02-28 03:25:45', 0x687474703a2f2f6c6f72656d706978656c2e636f6d2f3630302f3430302f),
(189, 117, 5, '2000-02-02 15:31:06', 0x687474703a2f2f6c6f72656d706978656c2e636f6d2f3630302f3430302f),
(190, 108, 10, '2005-01-24 08:45:19', 0x687474703a2f2f6c6f72656d706978656c2e636f6d2f3630302f3430302f),
(191, 24, 1, '1970-06-18 16:01:03', 0x687474703a2f2f6c6f72656d706978656c2e636f6d2f3630302f3430302f),
(192, 127, 5, '2009-01-14 06:41:29', 0x687474703a2f2f6c6f72656d706978656c2e636f6d2f3630302f3430302f),
(193, 161, 2, '2010-04-14 23:32:32', 0x687474703a2f2f6c6f72656d706978656c2e636f6d2f3630302f3430302f),
(194, 89, 1, '1973-06-04 21:19:46', 0x687474703a2f2f6c6f72656d706978656c2e636f6d2f3630302f3430302f),
(195, 133, 7, '1992-07-29 13:20:48', 0x687474703a2f2f6c6f72656d706978656c2e636f6d2f3630302f3430302f),
(196, 81, 2, '2020-02-06 01:08:13', 0x687474703a2f2f6c6f72656d706978656c2e636f6d2f3630302f3430302f),
(197, 172, 2, '1990-09-10 13:16:33', 0x687474703a2f2f6c6f72656d706978656c2e636f6d2f3630302f3430302f),
(198, 6, 5, '1971-08-31 13:00:34', 0x687474703a2f2f6c6f72656d706978656c2e636f6d2f3630302f3430302f),
(199, 120, 1, '2019-12-31 04:40:31', 0x687474703a2f2f6c6f72656d706978656c2e636f6d2f3630302f3430302f),
(200, 41, 10, '2020-06-02 18:37:38', 0x687474703a2f2f6c6f72656d706978656c2e636f6d2f3630302f3430302f),
(201, 265, 8, '2009-03-21 21:39:25', 0x687474703a2f2f6c6f72656d706978656c2e636f6d2f3630302f3430302f),
(202, 82, 10, '2011-11-11 19:46:29', 0x687474703a2f2f6c6f72656d706978656c2e636f6d2f3630302f3430302f),
(203, 152, 5, '1974-05-15 06:37:14', 0x687474703a2f2f6c6f72656d706978656c2e636f6d2f3630302f3430302f),
(204, 201, 9, '2002-02-20 15:50:41', 0x687474703a2f2f6c6f72656d706978656c2e636f6d2f3630302f3430302f),
(205, 255, 1, '2006-04-07 10:42:17', 0x687474703a2f2f6c6f72656d706978656c2e636f6d2f3630302f3430302f),
(206, 264, 10, '2011-12-10 13:37:22', 0x687474703a2f2f6c6f72656d706978656c2e636f6d2f3630302f3430302f),
(207, 21, 4, '1997-11-27 20:37:30', 0x687474703a2f2f6c6f72656d706978656c2e636f6d2f3630302f3430302f),
(208, 102, 7, '2000-06-26 08:43:45', 0x687474703a2f2f6c6f72656d706978656c2e636f6d2f3630302f3430302f),
(209, 145, 7, '1977-07-30 18:43:00', 0x687474703a2f2f6c6f72656d706978656c2e636f6d2f3630302f3430302f),
(210, 194, 10, '1977-01-02 06:54:32', 0x687474703a2f2f6c6f72656d706978656c2e636f6d2f3630302f3430302f),
(211, 92, 10, '2001-12-26 03:42:31', 0x687474703a2f2f6c6f72656d706978656c2e636f6d2f3630302f3430302f),
(212, 9, 9, '1991-05-01 14:31:51', 0x687474703a2f2f6c6f72656d706978656c2e636f6d2f3630302f3430302f),
(213, 32, 1, '2014-08-12 16:09:28', 0x687474703a2f2f6c6f72656d706978656c2e636f6d2f3630302f3430302f),
(214, 83, 6, '1984-12-25 20:27:20', 0x687474703a2f2f6c6f72656d706978656c2e636f6d2f3630302f3430302f),
(215, 16, 5, '1974-10-30 03:24:13', 0x687474703a2f2f6c6f72656d706978656c2e636f6d2f3630302f3430302f),
(216, 128, 10, '1993-02-01 11:00:52', 0x687474703a2f2f6c6f72656d706978656c2e636f6d2f3630302f3430302f),
(217, 41, 7, '2009-12-08 16:31:14', 0x687474703a2f2f6c6f72656d706978656c2e636f6d2f3630302f3430302f),
(218, 270, 7, '1989-12-04 01:04:08', 0x687474703a2f2f6c6f72656d706978656c2e636f6d2f3630302f3430302f),
(219, 43, 6, '1972-10-26 23:11:53', 0x687474703a2f2f6c6f72656d706978656c2e636f6d2f3630302f3430302f),
(220, 161, 10, '1997-11-21 01:23:40', 0x687474703a2f2f6c6f72656d706978656c2e636f6d2f3630302f3430302f),
(221, 178, 5, '2001-11-12 13:13:03', 0x687474703a2f2f6c6f72656d706978656c2e636f6d2f3630302f3430302f),
(222, 276, 7, '1984-08-01 19:26:15', 0x687474703a2f2f6c6f72656d706978656c2e636f6d2f3630302f3430302f),
(223, 214, 3, '2018-04-12 01:28:36', 0x687474703a2f2f6c6f72656d706978656c2e636f6d2f3630302f3430302f),
(224, 80, 2, '2000-03-29 01:37:48', 0x687474703a2f2f6c6f72656d706978656c2e636f6d2f3630302f3430302f),
(225, 267, 10, '1987-11-23 19:09:44', 0x687474703a2f2f6c6f72656d706978656c2e636f6d2f3630302f3430302f),
(226, 36, 2, '2012-10-29 07:02:40', 0x687474703a2f2f6c6f72656d706978656c2e636f6d2f3630302f3430302f),
(227, 248, 2, '1988-09-02 04:34:33', 0x687474703a2f2f6c6f72656d706978656c2e636f6d2f3630302f3430302f),
(228, 21, 10, '1989-10-03 16:30:03', 0x687474703a2f2f6c6f72656d706978656c2e636f6d2f3630302f3430302f),
(229, 60, 4, '2016-03-31 01:25:39', 0x687474703a2f2f6c6f72656d706978656c2e636f6d2f3630302f3430302f),
(230, 131, 3, '1982-11-20 20:07:54', 0x687474703a2f2f6c6f72656d706978656c2e636f6d2f3630302f3430302f),
(231, 228, 9, '1990-07-09 01:26:34', 0x687474703a2f2f6c6f72656d706978656c2e636f6d2f3630302f3430302f),
(232, 54, 9, '1980-12-20 06:05:15', 0x687474703a2f2f6c6f72656d706978656c2e636f6d2f3630302f3430302f),
(233, 167, 1, '2009-03-04 09:40:20', 0x687474703a2f2f6c6f72656d706978656c2e636f6d2f3630302f3430302f),
(234, 160, 7, '2016-08-21 01:28:44', 0x687474703a2f2f6c6f72656d706978656c2e636f6d2f3630302f3430302f),
(235, 193, 1, '2002-02-19 18:43:11', 0x687474703a2f2f6c6f72656d706978656c2e636f6d2f3630302f3430302f),
(236, 207, 3, '2019-10-28 13:27:15', 0x687474703a2f2f6c6f72656d706978656c2e636f6d2f3630302f3430302f),
(237, 144, 7, '1976-04-25 08:39:04', 0x687474703a2f2f6c6f72656d706978656c2e636f6d2f3630302f3430302f),
(238, 270, 2, '2004-04-23 19:10:02', 0x687474703a2f2f6c6f72656d706978656c2e636f6d2f3630302f3430302f),
(239, 259, 2, '1998-12-26 05:15:56', 0x687474703a2f2f6c6f72656d706978656c2e636f6d2f3630302f3430302f),
(240, 116, 8, '1972-12-27 01:21:34', 0x687474703a2f2f6c6f72656d706978656c2e636f6d2f3630302f3430302f),
(241, 22, 6, '1994-07-12 02:55:49', 0x687474703a2f2f6c6f72656d706978656c2e636f6d2f3630302f3430302f),
(242, 284, 9, '1988-12-14 04:29:25', 0x687474703a2f2f6c6f72656d706978656c2e636f6d2f3630302f3430302f),
(243, 196, 1, '1996-05-20 02:20:42', 0x687474703a2f2f6c6f72656d706978656c2e636f6d2f3630302f3430302f),
(244, 249, 9, '1994-07-04 21:55:39', 0x687474703a2f2f6c6f72656d706978656c2e636f6d2f3630302f3430302f),
(245, 108, 3, '1990-11-12 10:59:26', 0x687474703a2f2f6c6f72656d706978656c2e636f6d2f3630302f3430302f),
(246, 29, 2, '2005-01-14 15:35:04', 0x687474703a2f2f6c6f72656d706978656c2e636f6d2f3630302f3430302f),
(247, 37, 3, '1992-07-19 01:01:25', 0x687474703a2f2f6c6f72656d706978656c2e636f6d2f3630302f3430302f),
(248, 3, 7, '2014-01-17 13:08:58', 0x687474703a2f2f6c6f72656d706978656c2e636f6d2f3630302f3430302f),
(249, 106, 6, '1980-11-29 00:42:57', 0x687474703a2f2f6c6f72656d706978656c2e636f6d2f3630302f3430302f),
(250, 113, 10, '2020-06-27 11:24:18', 0x687474703a2f2f6c6f72656d706978656c2e636f6d2f3630302f3430302f),
(251, 182, 1, '1972-06-18 22:55:12', 0x687474703a2f2f6c6f72656d706978656c2e636f6d2f3630302f3430302f),
(252, 70, 1, '1983-06-21 04:11:56', 0x687474703a2f2f6c6f72656d706978656c2e636f6d2f3630302f3430302f),
(253, 201, 2, '1996-09-13 12:25:17', 0x687474703a2f2f6c6f72656d706978656c2e636f6d2f3630302f3430302f),
(254, 82, 6, '2008-08-26 14:26:19', 0x687474703a2f2f6c6f72656d706978656c2e636f6d2f3630302f3430302f),
(255, 87, 7, '2011-12-24 12:32:32', 0x687474703a2f2f6c6f72656d706978656c2e636f6d2f3630302f3430302f),
(256, 85, 4, '1971-01-27 19:09:48', 0x687474703a2f2f6c6f72656d706978656c2e636f6d2f3630302f3430302f),
(257, 48, 3, '1993-12-12 06:50:19', 0x687474703a2f2f6c6f72656d706978656c2e636f6d2f3630302f3430302f),
(258, 78, 9, '2010-01-02 17:50:10', 0x687474703a2f2f6c6f72656d706978656c2e636f6d2f3630302f3430302f),
(259, 73, 1, '1983-04-28 04:50:51', 0x687474703a2f2f6c6f72656d706978656c2e636f6d2f3630302f3430302f),
(260, 197, 7, '1974-05-21 17:11:14', 0x687474703a2f2f6c6f72656d706978656c2e636f6d2f3630302f3430302f),
(261, 105, 8, '2006-12-22 02:32:19', 0x687474703a2f2f6c6f72656d706978656c2e636f6d2f3630302f3430302f),
(262, 216, 5, '2019-05-13 10:23:13', 0x687474703a2f2f6c6f72656d706978656c2e636f6d2f3630302f3430302f),
(263, 8, 8, '2011-02-26 11:16:03', 0x687474703a2f2f6c6f72656d706978656c2e636f6d2f3630302f3430302f),
(264, 44, 4, '2005-08-21 12:40:21', 0x687474703a2f2f6c6f72656d706978656c2e636f6d2f3630302f3430302f),
(265, 80, 6, '2001-12-25 17:55:53', 0x687474703a2f2f6c6f72656d706978656c2e636f6d2f3630302f3430302f),
(266, 112, 9, '1995-03-17 23:18:12', 0x687474703a2f2f6c6f72656d706978656c2e636f6d2f3630302f3430302f),
(267, 175, 7, '1985-10-25 08:00:05', 0x687474703a2f2f6c6f72656d706978656c2e636f6d2f3630302f3430302f),
(268, 286, 3, '1987-09-13 19:45:23', 0x687474703a2f2f6c6f72656d706978656c2e636f6d2f3630302f3430302f),
(269, 219, 3, '1990-01-15 11:59:22', 0x687474703a2f2f6c6f72656d706978656c2e636f6d2f3630302f3430302f),
(270, 234, 1, '2014-10-28 08:29:42', 0x687474703a2f2f6c6f72656d706978656c2e636f6d2f3630302f3430302f),
(271, 264, 1, '2014-04-20 15:44:35', 0x687474703a2f2f6c6f72656d706978656c2e636f6d2f3630302f3430302f),
(272, 114, 1, '1977-12-23 16:49:35', 0x687474703a2f2f6c6f72656d706978656c2e636f6d2f3630302f3430302f),
(273, 87, 7, '1989-07-24 13:23:15', 0x687474703a2f2f6c6f72656d706978656c2e636f6d2f3630302f3430302f),
(274, 253, 6, '1973-09-02 07:52:55', 0x687474703a2f2f6c6f72656d706978656c2e636f6d2f3630302f3430302f),
(275, 217, 5, '1995-06-14 11:19:01', 0x687474703a2f2f6c6f72656d706978656c2e636f6d2f3630302f3430302f),
(276, 40, 1, '1992-06-03 18:01:23', 0x687474703a2f2f6c6f72656d706978656c2e636f6d2f3630302f3430302f),
(277, 75, 9, '1995-11-23 09:46:41', 0x687474703a2f2f6c6f72656d706978656c2e636f6d2f3630302f3430302f),
(278, 162, 3, '1988-07-20 01:34:16', 0x687474703a2f2f6c6f72656d706978656c2e636f6d2f3630302f3430302f),
(279, 173, 7, '1985-01-16 07:03:09', 0x687474703a2f2f6c6f72656d706978656c2e636f6d2f3630302f3430302f),
(280, 194, 9, '2013-07-03 15:11:05', 0x687474703a2f2f6c6f72656d706978656c2e636f6d2f3630302f3430302f),
(281, 61, 1, '2001-01-13 02:16:31', 0x687474703a2f2f6c6f72656d706978656c2e636f6d2f3630302f3430302f),
(282, 214, 8, '2005-02-28 03:04:57', 0x687474703a2f2f6c6f72656d706978656c2e636f6d2f3630302f3430302f),
(283, 186, 7, '1993-12-10 04:37:09', 0x687474703a2f2f6c6f72656d706978656c2e636f6d2f3630302f3430302f),
(284, 10, 4, '1995-03-01 11:02:02', 0x687474703a2f2f6c6f72656d706978656c2e636f6d2f3630302f3430302f),
(285, 267, 9, '2017-10-01 16:17:42', 0x687474703a2f2f6c6f72656d706978656c2e636f6d2f3630302f3430302f),
(286, 110, 8, '1997-04-09 04:08:11', 0x687474703a2f2f6c6f72656d706978656c2e636f6d2f3630302f3430302f),
(287, 263, 8, '2003-06-14 17:19:56', 0x687474703a2f2f6c6f72656d706978656c2e636f6d2f3630302f3430302f),
(288, 242, 2, '2001-12-10 17:19:05', 0x687474703a2f2f6c6f72656d706978656c2e636f6d2f3630302f3430302f),
(289, 114, 7, '1997-09-20 22:11:30', 0x687474703a2f2f6c6f72656d706978656c2e636f6d2f3630302f3430302f),
(290, 209, 1, '1979-02-28 06:21:28', 0x687474703a2f2f6c6f72656d706978656c2e636f6d2f3630302f3430302f),
(291, 44, 9, '1978-10-27 07:48:55', 0x687474703a2f2f6c6f72656d706978656c2e636f6d2f3630302f3430302f),
(292, 50, 4, '1979-08-06 06:48:50', 0x687474703a2f2f6c6f72656d706978656c2e636f6d2f3630302f3430302f),
(293, 203, 8, '2010-10-19 18:20:09', 0x687474703a2f2f6c6f72656d706978656c2e636f6d2f3630302f3430302f),
(294, 199, 3, '1977-01-25 18:27:03', 0x687474703a2f2f6c6f72656d706978656c2e636f6d2f3630302f3430302f),
(295, 116, 4, '1981-06-28 19:31:08', 0x687474703a2f2f6c6f72656d706978656c2e636f6d2f3630302f3430302f),
(296, 28, 6, '1973-03-20 21:53:56', 0x687474703a2f2f6c6f72656d706978656c2e636f6d2f3630302f3430302f),
(297, 98, 9, '2012-06-23 15:11:03', 0x687474703a2f2f6c6f72656d706978656c2e636f6d2f3630302f3430302f),
(298, 112, 10, '2003-06-29 05:18:44', 0x687474703a2f2f6c6f72656d706978656c2e636f6d2f3630302f3430302f),
(299, 141, 5, '1973-05-13 20:38:05', 0x687474703a2f2f6c6f72656d706978656c2e636f6d2f3630302f3430302f),
(300, 87, 4, '1996-01-29 23:42:52', 0x687474703a2f2f6c6f72656d706978656c2e636f6d2f3630302f3430302f),
(301, 65, 7, '2017-02-25 12:10:28', 0x687474703a2f2f6c6f72656d706978656c2e636f6d2f3630302f3430302f),
(302, 39, 1, '2007-03-28 12:56:58', 0x687474703a2f2f6c6f72656d706978656c2e636f6d2f3630302f3430302f),
(303, 119, 10, '1992-01-29 14:56:09', 0x687474703a2f2f6c6f72656d706978656c2e636f6d2f3630302f3430302f),
(304, 76, 8, '2020-08-18 15:40:51', 0x687474703a2f2f6c6f72656d706978656c2e636f6d2f3630302f3430302f),
(305, 175, 10, '2001-04-20 23:38:24', 0x687474703a2f2f6c6f72656d706978656c2e636f6d2f3630302f3430302f),
(306, 261, 8, '2014-03-28 20:04:36', 0x687474703a2f2f6c6f72656d706978656c2e636f6d2f3630302f3430302f),
(307, 232, 1, '2010-07-25 13:50:33', 0x687474703a2f2f6c6f72656d706978656c2e636f6d2f3630302f3430302f),
(308, 36, 5, '1971-11-24 19:39:56', 0x687474703a2f2f6c6f72656d706978656c2e636f6d2f3630302f3430302f),
(309, 222, 8, '2003-01-20 17:19:00', 0x687474703a2f2f6c6f72656d706978656c2e636f6d2f3630302f3430302f),
(310, 209, 2, '2020-12-06 17:26:17', 0x687474703a2f2f6c6f72656d706978656c2e636f6d2f3630302f3430302f),
(311, 28, 8, '1999-02-11 11:23:13', 0x687474703a2f2f6c6f72656d706978656c2e636f6d2f3630302f3430302f),
(312, 213, 5, '2004-09-24 06:45:02', 0x687474703a2f2f6c6f72656d706978656c2e636f6d2f3630302f3430302f),
(313, 178, 1, '1998-06-01 19:50:56', 0x687474703a2f2f6c6f72656d706978656c2e636f6d2f3630302f3430302f),
(314, 107, 1, '1974-01-31 12:56:09', 0x687474703a2f2f6c6f72656d706978656c2e636f6d2f3630302f3430302f),
(315, 145, 7, '2010-01-24 05:19:09', 0x687474703a2f2f6c6f72656d706978656c2e636f6d2f3630302f3430302f),
(316, 126, 7, '1975-12-03 09:01:27', 0x687474703a2f2f6c6f72656d706978656c2e636f6d2f3630302f3430302f),
(317, 89, 6, '1980-05-14 06:37:26', 0x687474703a2f2f6c6f72656d706978656c2e636f6d2f3630302f3430302f),
(318, 236, 7, '2004-09-03 20:47:52', 0x687474703a2f2f6c6f72656d706978656c2e636f6d2f3630302f3430302f),
(319, 145, 1, '1997-09-16 01:30:51', 0x687474703a2f2f6c6f72656d706978656c2e636f6d2f3630302f3430302f),
(320, 139, 1, '1981-02-25 10:58:26', 0x687474703a2f2f6c6f72656d706978656c2e636f6d2f3630302f3430302f),
(321, 296, 4, '1982-10-17 03:41:27', 0x687474703a2f2f6c6f72656d706978656c2e636f6d2f3630302f3430302f),
(322, 237, 8, '1971-02-26 22:05:50', 0x687474703a2f2f6c6f72656d706978656c2e636f6d2f3630302f3430302f),
(323, 110, 10, '1998-09-03 18:46:34', 0x687474703a2f2f6c6f72656d706978656c2e636f6d2f3630302f3430302f),
(324, 62, 2, '1982-03-08 19:46:13', 0x687474703a2f2f6c6f72656d706978656c2e636f6d2f3630302f3430302f),
(325, 208, 10, '1985-10-24 11:11:37', 0x687474703a2f2f6c6f72656d706978656c2e636f6d2f3630302f3430302f),
(326, 68, 8, '1984-06-22 03:31:02', 0x687474703a2f2f6c6f72656d706978656c2e636f6d2f3630302f3430302f),
(327, 207, 10, '1991-05-27 08:54:52', 0x687474703a2f2f6c6f72656d706978656c2e636f6d2f3630302f3430302f),
(328, 60, 3, '2020-06-10 06:51:13', 0x687474703a2f2f6c6f72656d706978656c2e636f6d2f3630302f3430302f),
(329, 4, 6, '2011-11-29 23:40:15', 0x687474703a2f2f6c6f72656d706978656c2e636f6d2f3630302f3430302f),
(330, 103, 5, '2008-11-19 21:10:11', 0x687474703a2f2f6c6f72656d706978656c2e636f6d2f3630302f3430302f),
(331, 60, 8, '1999-08-05 04:59:23', 0x687474703a2f2f6c6f72656d706978656c2e636f6d2f3630302f3430302f),
(332, 57, 5, '1970-03-16 05:42:20', 0x687474703a2f2f6c6f72656d706978656c2e636f6d2f3630302f3430302f),
(333, 93, 10, '1995-12-25 11:00:52', 0x687474703a2f2f6c6f72656d706978656c2e636f6d2f3630302f3430302f),
(334, 56, 8, '1972-07-24 14:09:21', 0x687474703a2f2f6c6f72656d706978656c2e636f6d2f3630302f3430302f),
(335, 5, 7, '1994-08-22 09:29:33', 0x687474703a2f2f6c6f72656d706978656c2e636f6d2f3630302f3430302f),
(336, 256, 10, '1993-03-09 05:51:01', 0x687474703a2f2f6c6f72656d706978656c2e636f6d2f3630302f3430302f),
(337, 294, 7, '1996-11-26 15:56:21', 0x687474703a2f2f6c6f72656d706978656c2e636f6d2f3630302f3430302f),
(338, 228, 4, '2008-08-26 01:43:39', 0x687474703a2f2f6c6f72656d706978656c2e636f6d2f3630302f3430302f),
(339, 166, 10, '1979-06-26 22:46:20', 0x687474703a2f2f6c6f72656d706978656c2e636f6d2f3630302f3430302f),
(340, 135, 3, '2012-09-20 20:32:16', 0x687474703a2f2f6c6f72656d706978656c2e636f6d2f3630302f3430302f),
(341, 260, 7, '1974-06-01 00:28:54', 0x687474703a2f2f6c6f72656d706978656c2e636f6d2f3630302f3430302f),
(342, 9, 6, '2014-10-02 02:52:17', 0x687474703a2f2f6c6f72656d706978656c2e636f6d2f3630302f3430302f),
(343, 182, 3, '1979-12-01 18:12:33', 0x687474703a2f2f6c6f72656d706978656c2e636f6d2f3630302f3430302f),
(344, 250, 7, '2004-02-23 02:19:51', 0x687474703a2f2f6c6f72656d706978656c2e636f6d2f3630302f3430302f),
(345, 235, 2, '1999-06-25 21:47:25', 0x687474703a2f2f6c6f72656d706978656c2e636f6d2f3630302f3430302f),
(346, 34, 10, '1987-08-14 17:50:46', 0x687474703a2f2f6c6f72656d706978656c2e636f6d2f3630302f3430302f),
(347, 281, 3, '1982-07-03 00:21:51', 0x687474703a2f2f6c6f72656d706978656c2e636f6d2f3630302f3430302f),
(348, 143, 3, '1987-04-23 08:27:04', 0x687474703a2f2f6c6f72656d706978656c2e636f6d2f3630302f3430302f),
(349, 83, 7, '1995-02-19 23:40:26', 0x687474703a2f2f6c6f72656d706978656c2e636f6d2f3630302f3430302f),
(350, 10, 3, '1978-08-02 13:37:33', 0x687474703a2f2f6c6f72656d706978656c2e636f6d2f3630302f3430302f),
(351, 92, 9, '1972-01-31 14:31:32', 0x687474703a2f2f6c6f72656d706978656c2e636f6d2f3630302f3430302f),
(352, 87, 3, '1980-11-24 13:50:25', 0x687474703a2f2f6c6f72656d706978656c2e636f6d2f3630302f3430302f),
(353, 158, 1, '2001-02-03 01:03:35', 0x687474703a2f2f6c6f72656d706978656c2e636f6d2f3630302f3430302f),
(354, 189, 1, '2011-03-27 09:33:50', 0x687474703a2f2f6c6f72656d706978656c2e636f6d2f3630302f3430302f),
(355, 3, 1, '1986-10-16 19:55:48', 0x687474703a2f2f6c6f72656d706978656c2e636f6d2f3630302f3430302f),
(356, 96, 9, '1984-09-04 21:58:27', 0x687474703a2f2f6c6f72656d706978656c2e636f6d2f3630302f3430302f),
(357, 225, 4, '2016-04-23 00:33:35', 0x687474703a2f2f6c6f72656d706978656c2e636f6d2f3630302f3430302f),
(358, 129, 4, '1988-05-29 04:35:43', 0x687474703a2f2f6c6f72656d706978656c2e636f6d2f3630302f3430302f),
(359, 172, 3, '2011-08-14 17:23:06', 0x687474703a2f2f6c6f72656d706978656c2e636f6d2f3630302f3430302f),
(360, 292, 4, '2002-02-20 00:56:08', 0x687474703a2f2f6c6f72656d706978656c2e636f6d2f3630302f3430302f),
(361, 130, 1, '1970-03-31 10:34:58', 0x687474703a2f2f6c6f72656d706978656c2e636f6d2f3630302f3430302f),
(362, 100, 4, '2017-08-08 23:06:41', 0x687474703a2f2f6c6f72656d706978656c2e636f6d2f3630302f3430302f),
(363, 116, 9, '2009-08-30 07:25:24', 0x687474703a2f2f6c6f72656d706978656c2e636f6d2f3630302f3430302f),
(364, 183, 7, '2020-10-20 04:11:02', 0x687474703a2f2f6c6f72656d706978656c2e636f6d2f3630302f3430302f),
(365, 140, 7, '2014-12-09 00:46:40', 0x687474703a2f2f6c6f72656d706978656c2e636f6d2f3630302f3430302f),
(366, 285, 8, '2006-06-02 07:52:39', 0x687474703a2f2f6c6f72656d706978656c2e636f6d2f3630302f3430302f),
(367, 157, 3, '2018-03-02 06:35:32', 0x687474703a2f2f6c6f72656d706978656c2e636f6d2f3630302f3430302f),
(368, 17, 1, '1972-10-25 17:43:42', 0x687474703a2f2f6c6f72656d706978656c2e636f6d2f3630302f3430302f),
(369, 85, 7, '2003-01-01 00:27:20', 0x687474703a2f2f6c6f72656d706978656c2e636f6d2f3630302f3430302f),
(370, 37, 3, '1978-07-25 06:17:10', 0x687474703a2f2f6c6f72656d706978656c2e636f6d2f3630302f3430302f),
(371, 228, 5, '1991-11-25 06:40:25', 0x687474703a2f2f6c6f72656d706978656c2e636f6d2f3630302f3430302f),
(372, 50, 6, '1997-10-11 05:15:35', 0x687474703a2f2f6c6f72656d706978656c2e636f6d2f3630302f3430302f),
(373, 236, 6, '1999-10-25 19:07:16', 0x687474703a2f2f6c6f72656d706978656c2e636f6d2f3630302f3430302f),
(374, 259, 4, '2003-12-24 19:23:36', 0x687474703a2f2f6c6f72656d706978656c2e636f6d2f3630302f3430302f),
(375, 256, 9, '1986-12-08 06:49:29', 0x687474703a2f2f6c6f72656d706978656c2e636f6d2f3630302f3430302f),
(376, 212, 3, '1978-04-15 01:47:30', 0x687474703a2f2f6c6f72656d706978656c2e636f6d2f3630302f3430302f),
(377, 276, 1, '1973-01-19 22:16:24', 0x687474703a2f2f6c6f72656d706978656c2e636f6d2f3630302f3430302f),
(378, 196, 4, '1995-02-11 01:23:42', 0x687474703a2f2f6c6f72656d706978656c2e636f6d2f3630302f3430302f),
(379, 254, 3, '1990-07-09 20:41:21', 0x687474703a2f2f6c6f72656d706978656c2e636f6d2f3630302f3430302f),
(380, 288, 4, '1991-08-31 04:57:41', 0x687474703a2f2f6c6f72656d706978656c2e636f6d2f3630302f3430302f),
(381, 270, 10, '1982-03-11 16:43:51', 0x687474703a2f2f6c6f72656d706978656c2e636f6d2f3630302f3430302f),
(382, 25, 5, '2002-08-31 03:11:16', 0x687474703a2f2f6c6f72656d706978656c2e636f6d2f3630302f3430302f),
(383, 43, 2, '2003-05-06 12:25:29', 0x687474703a2f2f6c6f72656d706978656c2e636f6d2f3630302f3430302f),
(384, 140, 5, '1978-02-25 15:04:57', 0x687474703a2f2f6c6f72656d706978656c2e636f6d2f3630302f3430302f),
(385, 246, 6, '1972-04-09 10:50:00', 0x687474703a2f2f6c6f72656d706978656c2e636f6d2f3630302f3430302f),
(386, 216, 6, '2015-08-21 23:06:58', 0x687474703a2f2f6c6f72656d706978656c2e636f6d2f3630302f3430302f),
(387, 8, 9, '1986-10-02 16:14:53', 0x687474703a2f2f6c6f72656d706978656c2e636f6d2f3630302f3430302f),
(388, 25, 9, '1978-07-08 10:31:14', 0x687474703a2f2f6c6f72656d706978656c2e636f6d2f3630302f3430302f),
(389, 143, 10, '2018-05-29 01:40:25', 0x687474703a2f2f6c6f72656d706978656c2e636f6d2f3630302f3430302f),
(390, 50, 4, '1984-01-19 05:36:32', 0x687474703a2f2f6c6f72656d706978656c2e636f6d2f3630302f3430302f),
(391, 234, 9, '2013-04-13 08:59:31', 0x687474703a2f2f6c6f72656d706978656c2e636f6d2f3630302f3430302f),
(392, 185, 7, '2010-07-01 18:41:27', 0x687474703a2f2f6c6f72656d706978656c2e636f6d2f3630302f3430302f),
(393, 273, 3, '2004-11-04 06:07:42', 0x687474703a2f2f6c6f72656d706978656c2e636f6d2f3630302f3430302f),
(394, 299, 8, '1983-07-27 01:53:31', 0x687474703a2f2f6c6f72656d706978656c2e636f6d2f3630302f3430302f),
(395, 158, 10, '1995-06-11 12:36:42', 0x687474703a2f2f6c6f72656d706978656c2e636f6d2f3630302f3430302f),
(396, 19, 5, '1996-11-12 01:45:46', 0x687474703a2f2f6c6f72656d706978656c2e636f6d2f3630302f3430302f),
(397, 258, 2, '1993-06-15 08:22:00', 0x687474703a2f2f6c6f72656d706978656c2e636f6d2f3630302f3430302f),
(398, 254, 1, '2016-05-18 14:53:49', 0x687474703a2f2f6c6f72656d706978656c2e636f6d2f3630302f3430302f),
(399, 84, 4, '2015-11-02 03:32:39', 0x687474703a2f2f6c6f72656d706978656c2e636f6d2f3630302f3430302f),
(400, 128, 1, '1998-11-17 22:20:41', 0x687474703a2f2f6c6f72656d706978656c2e636f6d2f3630302f3430302f),
(401, 269, 2, '1991-08-29 09:30:13', 0x687474703a2f2f6c6f72656d706978656c2e636f6d2f3630302f3430302f),
(402, 202, 10, '2020-01-05 23:44:48', 0x687474703a2f2f6c6f72656d706978656c2e636f6d2f3630302f3430302f),
(403, 8, 8, '2020-07-10 04:36:17', 0x687474703a2f2f6c6f72656d706978656c2e636f6d2f3630302f3430302f),
(404, 219, 6, '2013-04-12 23:12:29', 0x687474703a2f2f6c6f72656d706978656c2e636f6d2f3630302f3430302f),
(405, 210, 9, '2020-07-04 16:35:36', 0x687474703a2f2f6c6f72656d706978656c2e636f6d2f3630302f3430302f),
(406, 250, 5, '1983-04-20 22:38:54', 0x687474703a2f2f6c6f72656d706978656c2e636f6d2f3630302f3430302f),
(407, 229, 5, '1974-02-08 17:26:22', 0x687474703a2f2f6c6f72656d706978656c2e636f6d2f3630302f3430302f),
(408, 52, 7, '1986-11-22 18:15:58', 0x687474703a2f2f6c6f72656d706978656c2e636f6d2f3630302f3430302f),
(409, 214, 2, '2019-01-02 01:09:20', 0x687474703a2f2f6c6f72656d706978656c2e636f6d2f3630302f3430302f),
(410, 127, 3, '1997-11-15 09:43:46', 0x687474703a2f2f6c6f72656d706978656c2e636f6d2f3630302f3430302f),
(411, 36, 5, '2001-08-11 20:08:41', 0x687474703a2f2f6c6f72656d706978656c2e636f6d2f3630302f3430302f),
(412, 199, 10, '1979-06-17 16:22:54', 0x687474703a2f2f6c6f72656d706978656c2e636f6d2f3630302f3430302f),
(413, 188, 6, '1989-10-26 15:45:12', 0x687474703a2f2f6c6f72656d706978656c2e636f6d2f3630302f3430302f),
(414, 294, 10, '2009-07-17 01:11:30', 0x687474703a2f2f6c6f72656d706978656c2e636f6d2f3630302f3430302f),
(415, 246, 5, '1993-02-20 12:25:46', 0x687474703a2f2f6c6f72656d706978656c2e636f6d2f3630302f3430302f),
(416, 299, 8, '2001-07-09 19:43:49', 0x687474703a2f2f6c6f72656d706978656c2e636f6d2f3630302f3430302f),
(417, 165, 7, '2007-05-31 15:39:57', 0x687474703a2f2f6c6f72656d706978656c2e636f6d2f3630302f3430302f),
(418, 190, 6, '2020-01-21 02:18:40', 0x687474703a2f2f6c6f72656d706978656c2e636f6d2f3630302f3430302f),
(419, 127, 4, '2002-10-04 06:13:17', 0x687474703a2f2f6c6f72656d706978656c2e636f6d2f3630302f3430302f),
(420, 23, 2, '1986-07-30 03:46:29', 0x687474703a2f2f6c6f72656d706978656c2e636f6d2f3630302f3430302f),
(421, 76, 10, '1986-03-05 08:49:14', 0x687474703a2f2f6c6f72656d706978656c2e636f6d2f3630302f3430302f),
(422, 180, 1, '1992-06-06 17:55:06', 0x687474703a2f2f6c6f72656d706978656c2e636f6d2f3630302f3430302f),
(423, 106, 8, '2020-06-06 09:14:02', 0x687474703a2f2f6c6f72656d706978656c2e636f6d2f3630302f3430302f),
(424, 206, 1, '2018-05-27 19:23:14', 0x687474703a2f2f6c6f72656d706978656c2e636f6d2f3630302f3430302f),
(425, 282, 2, '1985-11-05 20:45:58', 0x687474703a2f2f6c6f72656d706978656c2e636f6d2f3630302f3430302f),
(426, 90, 1, '1979-08-17 10:55:55', 0x687474703a2f2f6c6f72656d706978656c2e636f6d2f3630302f3430302f),
(427, 177, 10, '2014-07-29 23:42:23', 0x687474703a2f2f6c6f72656d706978656c2e636f6d2f3630302f3430302f),
(428, 11, 3, '1978-04-18 21:19:59', 0x687474703a2f2f6c6f72656d706978656c2e636f6d2f3630302f3430302f),
(429, 141, 1, '2002-09-16 01:17:18', 0x687474703a2f2f6c6f72656d706978656c2e636f6d2f3630302f3430302f),
(430, 35, 3, '1973-05-05 21:18:29', 0x687474703a2f2f6c6f72656d706978656c2e636f6d2f3630302f3430302f),
(431, 126, 2, '2001-07-25 07:13:31', 0x687474703a2f2f6c6f72656d706978656c2e636f6d2f3630302f3430302f),
(432, 300, 10, '1976-05-22 02:13:23', 0x687474703a2f2f6c6f72656d706978656c2e636f6d2f3630302f3430302f),
(433, 234, 7, '2011-01-29 23:33:42', 0x687474703a2f2f6c6f72656d706978656c2e636f6d2f3630302f3430302f),
(434, 163, 3, '2003-01-19 05:16:03', 0x687474703a2f2f6c6f72656d706978656c2e636f6d2f3630302f3430302f),
(435, 298, 7, '2016-02-16 21:14:20', 0x687474703a2f2f6c6f72656d706978656c2e636f6d2f3630302f3430302f),
(436, 98, 3, '1980-07-02 18:13:39', 0x687474703a2f2f6c6f72656d706978656c2e636f6d2f3630302f3430302f),
(437, 157, 10, '2005-08-07 10:42:28', 0x687474703a2f2f6c6f72656d706978656c2e636f6d2f3630302f3430302f),
(438, 79, 9, '2020-10-28 20:43:35', 0x687474703a2f2f6c6f72656d706978656c2e636f6d2f3630302f3430302f),
(439, 209, 10, '2002-01-16 07:27:31', 0x687474703a2f2f6c6f72656d706978656c2e636f6d2f3630302f3430302f),
(440, 281, 7, '1974-08-28 08:05:50', 0x687474703a2f2f6c6f72656d706978656c2e636f6d2f3630302f3430302f),
(441, 16, 3, '1970-09-20 14:49:31', 0x687474703a2f2f6c6f72656d706978656c2e636f6d2f3630302f3430302f),
(442, 207, 7, '2000-12-03 15:47:33', 0x687474703a2f2f6c6f72656d706978656c2e636f6d2f3630302f3430302f),
(443, 59, 8, '1983-01-09 17:16:21', 0x687474703a2f2f6c6f72656d706978656c2e636f6d2f3630302f3430302f),
(444, 257, 7, '2017-03-09 17:59:56', 0x687474703a2f2f6c6f72656d706978656c2e636f6d2f3630302f3430302f),
(445, 222, 10, '2000-06-09 18:53:05', 0x687474703a2f2f6c6f72656d706978656c2e636f6d2f3630302f3430302f),
(446, 285, 2, '1991-01-29 22:08:18', 0x687474703a2f2f6c6f72656d706978656c2e636f6d2f3630302f3430302f),
(447, 23, 10, '1999-03-04 16:31:57', 0x687474703a2f2f6c6f72656d706978656c2e636f6d2f3630302f3430302f),
(448, 38, 9, '2004-06-07 11:09:41', 0x687474703a2f2f6c6f72656d706978656c2e636f6d2f3630302f3430302f),
(449, 174, 7, '1999-06-11 12:44:27', 0x687474703a2f2f6c6f72656d706978656c2e636f6d2f3630302f3430302f),
(450, 17, 6, '1990-05-16 10:44:10', 0x687474703a2f2f6c6f72656d706978656c2e636f6d2f3630302f3430302f),
(451, 86, 4, '1971-07-01 18:02:58', 0x687474703a2f2f6c6f72656d706978656c2e636f6d2f3630302f3430302f),
(452, 246, 9, '2003-11-24 13:32:19', 0x687474703a2f2f6c6f72656d706978656c2e636f6d2f3630302f3430302f),
(453, 91, 1, '2007-04-12 08:10:10', 0x687474703a2f2f6c6f72656d706978656c2e636f6d2f3630302f3430302f),
(454, 205, 10, '1991-07-29 15:48:25', 0x687474703a2f2f6c6f72656d706978656c2e636f6d2f3630302f3430302f),
(455, 7, 7, '2014-10-10 07:40:03', 0x687474703a2f2f6c6f72656d706978656c2e636f6d2f3630302f3430302f),
(456, 189, 1, '2015-09-12 19:31:38', 0x687474703a2f2f6c6f72656d706978656c2e636f6d2f3630302f3430302f),
(457, 255, 4, '2016-07-21 04:49:57', 0x687474703a2f2f6c6f72656d706978656c2e636f6d2f3630302f3430302f),
(458, 215, 1, '1991-11-11 16:05:44', 0x687474703a2f2f6c6f72656d706978656c2e636f6d2f3630302f3430302f),
(459, 12, 6, '2008-07-14 22:10:14', 0x687474703a2f2f6c6f72656d706978656c2e636f6d2f3630302f3430302f),
(460, 211, 8, '1980-03-20 06:06:05', 0x687474703a2f2f6c6f72656d706978656c2e636f6d2f3630302f3430302f),
(461, 161, 7, '2012-07-13 09:10:27', 0x687474703a2f2f6c6f72656d706978656c2e636f6d2f3630302f3430302f),
(462, 280, 7, '1989-12-18 07:02:31', 0x687474703a2f2f6c6f72656d706978656c2e636f6d2f3630302f3430302f),
(463, 180, 1, '1980-10-29 01:37:25', 0x687474703a2f2f6c6f72656d706978656c2e636f6d2f3630302f3430302f),
(464, 140, 2, '1993-07-15 08:14:17', 0x687474703a2f2f6c6f72656d706978656c2e636f6d2f3630302f3430302f),
(465, 218, 6, '2016-12-28 07:07:26', 0x687474703a2f2f6c6f72656d706978656c2e636f6d2f3630302f3430302f),
(466, 225, 1, '2021-02-11 06:53:03', 0x687474703a2f2f6c6f72656d706978656c2e636f6d2f3630302f3430302f),
(467, 271, 6, '1975-06-11 05:11:27', 0x687474703a2f2f6c6f72656d706978656c2e636f6d2f3630302f3430302f),
(468, 245, 3, '1988-05-18 19:13:12', 0x687474703a2f2f6c6f72656d706978656c2e636f6d2f3630302f3430302f),
(469, 194, 5, '2017-09-21 22:41:09', 0x687474703a2f2f6c6f72656d706978656c2e636f6d2f3630302f3430302f),
(470, 60, 7, '2014-07-31 14:11:42', 0x687474703a2f2f6c6f72656d706978656c2e636f6d2f3630302f3430302f),
(471, 34, 9, '2011-08-24 21:56:19', 0x687474703a2f2f6c6f72656d706978656c2e636f6d2f3630302f3430302f),
(472, 223, 10, '1978-02-24 10:33:45', 0x687474703a2f2f6c6f72656d706978656c2e636f6d2f3630302f3430302f),
(473, 43, 5, '1976-11-16 12:22:10', 0x687474703a2f2f6c6f72656d706978656c2e636f6d2f3630302f3430302f),
(474, 1, 2, '2003-06-03 09:01:48', 0x687474703a2f2f6c6f72656d706978656c2e636f6d2f3630302f3430302f),
(475, 8, 8, '2002-01-15 14:43:39', 0x687474703a2f2f6c6f72656d706978656c2e636f6d2f3630302f3430302f),
(476, 286, 6, '1983-04-30 20:31:42', 0x687474703a2f2f6c6f72656d706978656c2e636f6d2f3630302f3430302f),
(477, 107, 9, '1981-05-06 01:59:07', 0x687474703a2f2f6c6f72656d706978656c2e636f6d2f3630302f3430302f),
(478, 52, 10, '2017-01-17 05:36:45', 0x687474703a2f2f6c6f72656d706978656c2e636f6d2f3630302f3430302f),
(479, 283, 7, '1973-04-07 22:32:29', 0x687474703a2f2f6c6f72656d706978656c2e636f6d2f3630302f3430302f),
(480, 40, 7, '1983-09-23 03:46:09', 0x687474703a2f2f6c6f72656d706978656c2e636f6d2f3630302f3430302f),
(481, 48, 9, '2001-02-28 05:27:57', 0x687474703a2f2f6c6f72656d706978656c2e636f6d2f3630302f3430302f),
(482, 203, 1, '2009-12-02 05:01:09', 0x687474703a2f2f6c6f72656d706978656c2e636f6d2f3630302f3430302f),
(483, 135, 5, '1975-05-16 18:11:35', 0x687474703a2f2f6c6f72656d706978656c2e636f6d2f3630302f3430302f),
(484, 79, 1, '2001-07-02 15:52:26', 0x687474703a2f2f6c6f72656d706978656c2e636f6d2f3630302f3430302f),
(485, 297, 5, '1971-08-15 01:28:59', 0x687474703a2f2f6c6f72656d706978656c2e636f6d2f3630302f3430302f),
(486, 228, 1, '1988-12-23 12:29:56', 0x687474703a2f2f6c6f72656d706978656c2e636f6d2f3630302f3430302f),
(487, 86, 6, '2006-07-25 22:19:37', 0x687474703a2f2f6c6f72656d706978656c2e636f6d2f3630302f3430302f),
(488, 18, 5, '1979-05-08 03:43:50', 0x687474703a2f2f6c6f72656d706978656c2e636f6d2f3630302f3430302f),
(489, 288, 1, '1973-01-04 03:22:49', 0x687474703a2f2f6c6f72656d706978656c2e636f6d2f3630302f3430302f),
(490, 182, 10, '1995-08-20 06:49:18', 0x687474703a2f2f6c6f72656d706978656c2e636f6d2f3630302f3430302f),
(491, 229, 6, '1998-05-12 19:57:03', 0x687474703a2f2f6c6f72656d706978656c2e636f6d2f3630302f3430302f),
(492, 163, 2, '2006-09-08 00:44:02', 0x687474703a2f2f6c6f72656d706978656c2e636f6d2f3630302f3430302f),
(493, 133, 8, '1979-02-24 07:53:02', 0x687474703a2f2f6c6f72656d706978656c2e636f6d2f3630302f3430302f),
(494, 21, 4, '1978-04-17 10:21:13', 0x687474703a2f2f6c6f72656d706978656c2e636f6d2f3630302f3430302f),
(495, 106, 2, '1987-09-13 00:13:05', 0x687474703a2f2f6c6f72656d706978656c2e636f6d2f3630302f3430302f),
(496, 16, 6, '1971-07-01 15:13:41', 0x687474703a2f2f6c6f72656d706978656c2e636f6d2f3630302f3430302f),
(497, 24, 8, '1988-04-29 14:59:07', 0x687474703a2f2f6c6f72656d706978656c2e636f6d2f3630302f3430302f),
(498, 172, 6, '1991-08-19 10:41:19', 0x687474703a2f2f6c6f72656d706978656c2e636f6d2f3630302f3430302f),
(499, 66, 9, '2003-10-05 06:56:05', 0x687474703a2f2f6c6f72656d706978656c2e636f6d2f3630302f3430302f),
(500, 186, 3, '1990-11-19 15:33:17', 0x687474703a2f2f6c6f72656d706978656c2e636f6d2f3630302f3430302f);

-- --------------------------------------------------------

--
-- Struttura della tabella `cliente`
--

CREATE TABLE `cliente` (
  `codice_fiscale` int(10) UNSIGNED NOT NULL,
  `nome` text NOT NULL,
  `cognome` text NOT NULL
) ENGINE=InnoDB DEFAULT CHARSET=utf8mb4;

--
-- Dump dei dati per la tabella `cliente`
--

INSERT INTO `cliente` (`codice_fiscale`, `nome`, `cognome`) VALUES
(1, 'Catalina', 'Sawayn'),
(2, 'Amira', 'D\'Amore'),
(3, 'Lillian', 'Towne'),
(4, 'Alessandra', 'Muller'),
(5, 'Hester', 'Rowe'),
(6, 'Isaac', 'Schmidt'),
(7, 'Benjamin', 'Rosenbaum'),
(8, 'Olga', 'Kris'),
(9, 'Issac', 'Herzog'),
(10, 'Faye', 'Hickle'),
(11, 'Romaine', 'Kessler'),
(12, 'Leif', 'Jakubowski'),
(13, 'Margaret', 'Corkery'),
(14, 'Zachary', 'Gottlieb'),
(15, 'Amaya', 'Howe'),
(16, 'Phyllis', 'Boyer'),
(17, 'Kitty', 'DuBuque'),
(18, 'Myrna', 'Mante'),
(19, 'Tito', 'Considine'),
(20, 'Burnice', 'Hirthe'),
(21, 'Pat', 'Sawayn'),
(22, 'Arlie', 'Luettgen'),
(23, 'Elsa', 'Batz'),
(24, 'Juliet', 'Ankunding'),
(25, 'Carmelo', 'Witting'),
(26, 'Bessie', 'Howell'),
(27, 'Suzanne', 'Schumm'),
(28, 'Ena', 'Bartoletti'),
(29, 'Adolf', 'Jacobson'),
(30, 'Pat', 'Green'),
(31, 'Julie', 'Abbott'),
(32, 'Fred', 'Heaney'),
(33, 'Floy', 'O\'Keefe'),
(34, 'Wendy', 'Medhurst'),
(35, 'Rick', 'Smith'),
(36, 'Brandon', 'Stamm'),
(37, 'Carole', 'Kunze'),
(38, 'Jennifer', 'Kirlin'),
(39, 'Carlo', 'Schuppe'),
(40, 'Thora', 'Bernhard'),
(41, 'Gisselle', 'Braun'),
(42, 'Lionel', 'Torphy'),
(43, 'Rico', 'Walker'),
(44, 'Rasheed', 'Macejkovic'),
(45, 'Candelario', 'Strosin'),
(46, 'Violet', 'Labadie'),
(47, 'D\'angelo', 'Kuphal'),
(48, 'Elsie', 'Steuber'),
(49, 'Cleora', 'Will'),
(50, 'Aric', 'Hermann'),
(51, 'Donna', 'Stiedemann'),
(52, 'Jakayla', 'Stracke'),
(53, 'Mariam', 'Lueilwitz'),
(54, 'Amelia', 'Stehr'),
(55, 'Emmie', 'Davis'),
(56, 'Heidi', 'Jacobson'),
(57, 'Magali', 'Boyer'),
(58, 'Enola', 'Pfeffer'),
(59, 'Troy', 'Hartmann'),
(60, 'Kevon', 'Beer'),
(61, 'Roy', 'Stamm'),
(62, 'Akeem', 'Larson'),
(63, 'Brody', 'Rogahn'),
(64, 'Reilly', 'Purdy'),
(65, 'Ryann', 'Ledner'),
(66, 'Devon', 'Rice'),
(67, 'Dangelo', 'Senger'),
(68, 'Amely', 'Beier'),
(69, 'Trent', 'Stark'),
(70, 'Markus', 'Moen'),
(71, 'Kathleen', 'Reichel'),
(72, 'Lee', 'McClure'),
(73, 'Carter', 'Corwin'),
(74, 'Tyshawn', 'Hammes'),
(75, 'Golda', 'Smith'),
(76, 'Lavonne', 'Ondricka'),
(77, 'Antonio', 'Hyatt'),
(78, 'Jacquelyn', 'Hirthe'),
(79, 'Arden', 'Effertz'),
(80, 'Eve', 'Mohr'),
(81, 'Preston', 'Bins'),
(82, 'Kade', 'Mayer'),
(83, 'Lyda', 'Rippin'),
(84, 'Joanny', 'Hartmann'),
(85, 'Rigoberto', 'Ortiz'),
(86, 'Nelle', 'Lockman'),
(87, 'Adeline', 'Jaskolski'),
(88, 'Genesis', 'Ebert'),
(89, 'Joany', 'Witting'),
(90, 'Allen', 'O\'Kon'),
(91, 'Morgan', 'Blanda'),
(92, 'Trever', 'Prohaska'),
(93, 'Clotilde', 'Johns'),
(94, 'Christina', 'Boyle'),
(95, 'Haylie', 'Vandervort'),
(96, 'Rowan', 'Donnelly'),
(97, 'Dorothy', 'Block'),
(98, 'Faye', 'Walter'),
(99, 'Adriana', 'Krajcik'),
(100, 'Jackie', 'Kemmer'),
(101, 'Price', 'Johns'),
(102, 'Shanelle', 'Blanda'),
(103, 'Merl', 'Padberg'),
(104, 'Russell', 'Bins'),
(105, 'Maxine', 'Denesik'),
(106, 'Elmo', 'Durgan'),
(107, 'Melissa', 'Bode'),
(108, 'Jermaine', 'Hilll'),
(109, 'Dovie', 'Cummings'),
(110, 'Ismael', 'Hahn'),
(111, 'Maybelle', 'Kling'),
(112, 'Rodolfo', 'Buckridge'),
(113, 'Cristopher', 'Welch'),
(114, 'Efren', 'Nolan'),
(115, 'Darion', 'Quigley'),
(116, 'Linnea', 'Stoltenberg'),
(117, 'Alvis', 'Anderson'),
(118, 'Maxie', 'Kuhic'),
(119, 'Amina', 'Morar'),
(120, 'Rasheed', 'Kohler'),
(121, 'Cyril', 'Hyatt'),
(122, 'Davin', 'Hintz'),
(123, 'Mckenzie', 'Swaniawski'),
(124, 'Aliyah', 'Ferry'),
(125, 'Joelle', 'Crona'),
(126, 'Amelie', 'Lubowitz'),
(127, 'Scotty', 'Spencer'),
(128, 'Kailyn', 'Hayes'),
(129, 'Americo', 'McDermott'),
(130, 'Denis', 'Mohr'),
(131, 'Carmel', 'Friesen'),
(132, 'Abel', 'Collins'),
(133, 'Dessie', 'Doyle'),
(134, 'Janick', 'Terry'),
(135, 'Kyler', 'Weber'),
(136, 'Meda', 'Witting'),
(137, 'Nikko', 'O\'Keefe'),
(138, 'Leora', 'Roberts'),
(139, 'Raven', 'Morar'),
(140, 'Herman', 'Klein'),
(141, 'Reina', 'Mills'),
(142, 'Lafayette', 'Cassin'),
(143, 'Jaydon', 'Zieme'),
(144, 'Reilly', 'Windler'),
(145, 'Juvenal', 'Jones'),
(146, 'Mackenzie', 'Lindgren'),
(147, 'Jacynthe', 'Hickle'),
(148, 'Dominique', 'Flatley'),
(149, 'Delphia', 'Mraz'),
(150, 'Davion', 'Dooley'),
(151, 'Cade', 'Raynor'),
(152, 'Lucie', 'Parisian'),
(153, 'Lydia', 'Bartell'),
(154, 'Adrain', 'Kuhn'),
(155, 'Whitney', 'Kihn'),
(156, 'Cleveland', 'Marquardt'),
(157, 'Heath', 'Pfeffer'),
(158, 'Jody', 'Gerhold'),
(159, 'Ora', 'Bergstrom'),
(160, 'Ebony', 'Gislason'),
(161, 'Darren', 'Dibbert'),
(162, 'Janiya', 'Raynor'),
(163, 'Eleonore', 'Romaguera'),
(164, 'Mertie', 'McGlynn'),
(165, 'Margarett', 'King'),
(166, 'Charlotte', 'Kilback'),
(167, 'Ruthie', 'Erdman'),
(168, 'Sid', 'Ankunding'),
(169, 'Cordelia', 'Marquardt'),
(170, 'Amanda', 'Sipes'),
(171, 'Norma', 'Shanahan'),
(172, 'Carolina', 'Senger'),
(173, 'Taya', 'Tromp'),
(174, 'Liliana', 'Mills'),
(175, 'Germaine', 'VonRueden'),
(176, 'Vivianne', 'King'),
(177, 'Danny', 'Bosco'),
(178, 'Savanna', 'Emard'),
(179, 'Isabel', 'Ritchie'),
(180, 'Carolina', 'Lind'),
(181, 'Jairo', 'Stark'),
(182, 'Faye', 'Rice'),
(183, 'Marcos', 'Ankunding'),
(184, 'Emely', 'Buckridge'),
(185, 'Verla', 'Simonis'),
(186, 'Jaquelin', 'Dietrich'),
(187, 'Syble', 'Altenwerth'),
(188, 'Kaci', 'Quitzon'),
(189, 'Alia', 'Lynch'),
(190, 'Fanny', 'Blick'),
(191, 'Blake', 'Gerlach'),
(192, 'Luz', 'Price'),
(193, 'Marianne', 'Greenfelder'),
(194, 'Javier', 'Volkman'),
(195, 'Jay', 'Kovacek'),
(196, 'Austen', 'Labadie'),
(197, 'Laisha', 'Labadie'),
(198, 'Rosetta', 'Fisher'),
(199, 'Rosendo', 'Deckow'),
(200, 'Marion', 'Gerlach'),
(201, 'Rachel', 'Cartwright'),
(202, 'Wanda', 'Prohaska'),
(203, 'Jacinto', 'Hickle'),
(204, 'Richmond', 'Shields'),
(205, 'Jaren', 'Bechtelar'),
(206, 'Devyn', 'Schmitt'),
(207, 'Enos', 'Yundt'),
(208, 'Neva', 'O\'Hara'),
(209, 'Eleanora', 'Haley'),
(210, 'Dave', 'Wunsch'),
(211, 'Matt', 'Purdy'),
(212, 'Aliza', 'Roob'),
(213, 'Britney', 'Bechtelar'),
(214, 'Adell', 'Marvin'),
(215, 'Melyssa', 'Crooks'),
(216, 'Cale', 'Marvin'),
(217, 'Tyson', 'Marvin'),
(218, 'Jenifer', 'Gutkowski'),
(219, 'Esteban', 'Lowe'),
(220, 'Amy', 'Hilll'),
(221, 'Carmen', 'Littel'),
(222, 'Jody', 'Larson'),
(223, 'Lila', 'Raynor'),
(224, 'Arno', 'Murray'),
(225, 'Cristal', 'Treutel'),
(226, 'Maximilian', 'Smitham'),
(227, 'Luther', 'Murazik'),
(228, 'Enid', 'Kertzmann'),
(229, 'Rachelle', 'Leffler'),
(230, 'Lula', 'Mitchell'),
(231, 'Myrna', 'Ziemann'),
(232, 'Corene', 'Kling'),
(233, 'David', 'Boyle'),
(234, 'Theresa', 'Beahan'),
(235, 'Ernestina', 'Sauer'),
(236, 'Freda', 'Lubowitz'),
(237, 'Joesph', 'West'),
(238, 'Fleta', 'Rempel'),
(239, 'Elta', 'Weber'),
(240, 'Walker', 'Torp'),
(241, 'Ila', 'Marquardt'),
(242, 'Dorcas', 'Braun'),
(243, 'Dolly', 'Grant'),
(244, 'Constantin', 'O\'Keefe'),
(245, 'Carolina', 'Sawayn'),
(246, 'Elva', 'Sanford'),
(247, 'Uriah', 'Hirthe'),
(248, 'Adella', 'Jenkins'),
(249, 'Florencio', 'McGlynn'),
(250, 'Ephraim', 'McCullough'),
(251, 'Bridget', 'Wiza'),
(252, 'Isobel', 'Nikolaus'),
(253, 'Jody', 'Zemlak'),
(254, 'Naomie', 'Kuvalis'),
(255, 'Maximo', 'Walker'),
(256, 'Adelbert', 'Kerluke'),
(257, 'Mohamed', 'Stanton'),
(258, 'Teresa', 'Mueller'),
(259, 'Lynn', 'Johnston'),
(260, 'Elliot', 'Cummerata'),
(261, 'Hiram', 'Ruecker'),
(262, 'Johann', 'Bins'),
(263, 'Dovie', 'O\'Keefe'),
(264, 'Darien', 'Bailey'),
(265, 'Jayda', 'Veum'),
(266, 'Hollis', 'Kirlin'),
(267, 'Teresa', 'Medhurst'),
(268, 'Tom', 'Wyman'),
(269, 'Nedra', 'Denesik'),
(270, 'Marianna', 'Deckow'),
(271, 'Weston', 'West'),
(272, 'Sandrine', 'Spinka'),
(273, 'Loy', 'Monahan'),
(274, 'Marianna', 'Bosco'),
(275, 'Ari', 'Brown'),
(276, 'Hadley', 'Howe'),
(277, 'Wilton', 'Jerde'),
(278, 'Yazmin', 'Corwin'),
(279, 'Tito', 'Tremblay'),
(280, 'Korey', 'Kshlerin'),
(281, 'Consuelo', 'Braun'),
(282, 'Larue', 'Heaney'),
(283, 'Hazle', 'Douglas'),
(284, 'Everette', 'Wunsch'),
(285, 'Andres', 'Wehner'),
(286, 'Elouise', 'Batz'),
(287, 'Estel', 'Moore'),
(288, 'Fatima', 'Metz'),
(289, 'Obie', 'Daugherty'),
(290, 'Alize', 'Cremin'),
(291, 'Helen', 'Cremin'),
(292, 'Paige', 'Yundt'),
(293, 'Sammie', 'Herzog'),
(294, 'Sarai', 'Wilderman'),
(295, 'Nat', 'Turcotte'),
(296, 'Carli', 'Lang'),
(297, 'Taya', 'Koepp'),
(298, 'Lola', 'Towne'),
(299, 'Valerie', 'Schimmel'),
(300, 'Cristian', 'Hegmann');

-- --------------------------------------------------------

--
-- Struttura stand-in per le viste `numero_tat`
-- (Vedi sotto per la vista effettiva)
--
CREATE TABLE `numero_tat` (
`nome_stile` text
,`numeri` bigint(21)
);

-- --------------------------------------------------------

--
-- Struttura della tabella `seduta`
--

CREATE TABLE `seduta` (
  `ID_seduta` int(10) UNSIGNED NOT NULL,
  `n_seduta` int(10) NOT NULL,
  `ore_seduta` int(5) NOT NULL,
  `ID_cliente` int(10) UNSIGNED NOT NULL,
  `ID_tatuaggio` int(10) UNSIGNED NOT NULL,
  `ID_tatuatore` int(10) UNSIGNED NOT NULL
) ENGINE=InnoDB DEFAULT CHARSET=utf8mb4;

--
-- Dump dei dati per la tabella `seduta`
--

INSERT INTO `seduta` (`ID_seduta`, `n_seduta`, `ore_seduta`, `ID_cliente`, `ID_tatuaggio`, `ID_tatuatore`) VALUES
(1, 2, 4, 218, 67, 7),
(2, 8, 3, 295, 73, 6),
(3, 5, 5, 88, 73, 5),
(4, 5, 3, 38, 84, 4),
(5, 4, 2, 2, 7, 8),
(6, 7, 3, 36, 79, 4),
(7, 1, 1, 276, 66, 4),
(8, 8, 1, 279, 15, 6),
(9, 9, 4, 173, 24, 3),
(10, 1, 3, 242, 60, 10),
(11, 8, 2, 4, 33, 7),
(12, 8, 1, 205, 31, 4),
(13, 5, 3, 72, 60, 1),
(14, 6, 2, 201, 72, 9),
(15, 2, 1, 295, 73, 10),
(16, 7, 1, 207, 85, 8),
(17, 5, 2, 21, 77, 5),
(18, 1, 2, 129, 69, 6),
(19, 5, 3, 7, 27, 8),
(20, 7, 2, 81, 7, 4),
(21, 9, 4, 61, 8, 8),
(22, 1, 2, 242, 77, 1),
(23, 7, 5, 41, 100, 7),
(24, 6, 1, 59, 67, 4),
(25, 2, 5, 28, 66, 1),
(26, 1, 4, 17, 34, 9),
(27, 10, 1, 242, 41, 7),
(28, 6, 1, 63, 84, 4),
(29, 2, 1, 228, 86, 7),
(30, 8, 5, 164, 13, 7),
(31, 6, 4, 280, 33, 8),
(32, 10, 1, 192, 14, 6),
(33, 7, 1, 196, 27, 6),
(34, 1, 3, 79, 47, 2),
(35, 1, 3, 178, 56, 9),
(36, 4, 1, 193, 61, 2),
(37, 6, 3, 161, 42, 6),
(38, 5, 4, 56, 63, 5),
(39, 3, 5, 158, 38, 3),
(40, 5, 4, 39, 93, 4),
(41, 5, 4, 240, 86, 8),
(42, 3, 1, 164, 50, 9),
(43, 7, 5, 17, 15, 2),
(44, 5, 2, 170, 41, 6),
(45, 8, 5, 224, 100, 2),
(46, 3, 1, 173, 64, 8),
(47, 3, 1, 223, 18, 2),
(48, 6, 1, 94, 36, 8),
(49, 8, 5, 216, 89, 2),
(50, 4, 3, 296, 2, 1),
(51, 2, 3, 113, 81, 10),
(52, 8, 2, 29, 36, 5),
(53, 10, 3, 284, 42, 6),
(54, 5, 4, 20, 98, 10),
(55, 6, 3, 194, 73, 10),
(56, 4, 5, 233, 30, 7),
(57, 2, 1, 154, 4, 8),
(58, 6, 2, 199, 36, 2),
(59, 4, 2, 131, 7, 1),
(60, 5, 2, 177, 6, 1),
(61, 10, 3, 200, 43, 9),
(62, 3, 4, 179, 53, 2),
(63, 5, 4, 6, 47, 7),
(64, 4, 2, 176, 54, 6),
(65, 4, 1, 169, 18, 4),
(66, 3, 2, 160, 96, 7),
(67, 6, 4, 43, 47, 7),
(68, 3, 3, 277, 13, 1),
(69, 7, 4, 19, 57, 1),
(70, 6, 4, 26, 16, 2),
(71, 2, 1, 36, 82, 6),
(72, 4, 1, 289, 42, 1),
(73, 7, 5, 49, 43, 6),
(74, 1, 4, 233, 2, 1),
(75, 3, 3, 110, 58, 3),
(76, 7, 2, 205, 11, 3),
(77, 9, 3, 90, 25, 7),
(78, 10, 3, 286, 18, 9),
(79, 2, 4, 287, 24, 4),
(80, 8, 2, 9, 32, 6),
(81, 5, 4, 47, 44, 4),
(82, 2, 3, 213, 40, 8),
(83, 10, 2, 235, 57, 2),
(84, 8, 2, 98, 34, 2),
(85, 7, 4, 121, 71, 8),
(86, 7, 2, 197, 39, 9),
(87, 4, 1, 259, 69, 2),
(88, 2, 4, 161, 64, 3),
(89, 7, 3, 101, 59, 6),
(90, 5, 1, 210, 62, 9),
(91, 3, 4, 65, 77, 3),
(92, 10, 4, 165, 48, 7),
(93, 2, 1, 89, 26, 3),
(94, 1, 3, 141, 59, 6),
(95, 10, 4, 197, 99, 3),
(96, 6, 5, 126, 64, 7),
(97, 4, 3, 88, 51, 4),
(98, 8, 5, 123, 4, 10),
(99, 4, 1, 210, 38, 6),
(100, 4, 5, 68, 8, 2);

-- --------------------------------------------------------

--
-- Struttura della tabella `specializzato`
--

CREATE TABLE `specializzato` (
  `ID_stile` int(10) UNSIGNED NOT NULL,
  `ID_tatuatore` int(10) UNSIGNED NOT NULL,
  `anni_esperienza` int(11) NOT NULL
) ENGINE=InnoDB DEFAULT CHARSET=utf8mb4;

--
-- Dump dei dati per la tabella `specializzato`
--

INSERT INTO `specializzato` (`ID_stile`, `ID_tatuatore`, `anni_esperienza`) VALUES
(1, 2, 25),
(1, 8, 23),
(1, 9, 4),
(1, 10, 14),
(2, 4, 24),
(2, 10, 1),
(4, 2, 26),
(4, 3, 17),
(4, 10, 30),
(5, 9, 20),
(6, 1, 25),
(6, 10, 20),
(7, 3, 24),
(8, 2, 14),
(9, 7, 20),
(9, 9, 24),
(9, 10, 5),
(10, 5, 5);

-- --------------------------------------------------------

--
-- Struttura della tabella `stile`
--

CREATE TABLE `stile` (
  `ID_stile` int(10) UNSIGNED NOT NULL,
  `nome_stile` text NOT NULL,
  `descrizione` text NOT NULL,
  `ID_tecnica` int(10) UNSIGNED NOT NULL
) ENGINE=InnoDB DEFAULT CHARSET=utf8mb4;

--
-- Dump dei dati per la tabella `stile`
--

INSERT INTO `stile` (`ID_stile`, `nome_stile`, `descrizione`, `ID_tecnica`) VALUES
(1, ' Watercolor', 'effetto acquerello', 4),
(2, ' BlackWork', 'forte presenza di nero e sfumature', 4),
(3, ' Realistico', 'ritratti realistici', 5),
(4, ' Lettering', 'frasi o parole in diversi font', 5),
(5, ' Tradizionale', 'tatuaggio tradizionale', 5),
(6, ' OldSchool', 'tatuaggio vecchia scuola', 5),
(7, ' Biomeccanico ', 'effetto robotico', 2),
(8, 'Giapponese', 'tatuaggio tradizionale giapponese', 5),
(9, ' NewSchool', 'tatuaggio vecchia scuola in chiave moderna', 5),
(10, ' Maori', 'tatuaggio tribale', 2);

-- --------------------------------------------------------

--
-- Struttura della tabella `tatuaggio`
--

CREATE TABLE `tatuaggio` (
  `ID_tatuaggio` int(10) UNSIGNED NOT NULL,
  `dimensione` int(11) NOT NULL,
  `posizione` text NOT NULL,
  `immagine` blob NOT NULL,
  `ID_stile` int(10) UNSIGNED NOT NULL,
  `note` text DEFAULT NULL,
  `indice_catalogo` int(11) DEFAULT NULL
) ENGINE=InnoDB DEFAULT CHARSET=utf8mb4;

--
-- Dump dei dati per la tabella `tatuaggio`
--

INSERT INTO `tatuaggio` (`ID_tatuaggio`, `dimensione`, `posizione`, `immagine`, `ID_stile`, `note`, `indice_catalogo`) VALUES
(1, 79, 'faccia', 0x687474703a2f2f6c6f72656d706978656c2e636f6d2f3634302f3438302f, 9, 'In voluptatem repellat qui non. Facere modi quia est voluptatem pariatur sunt. Ab in fugiat voluptatem consequatur. Soluta ut aut fuga sequi dolore.', 33),
(2, 86, 'coscia', 0x687474703a2f2f6c6f72656d706978656c2e636f6d2f3634302f3438302f, 6, 'Quia blanditiis odit omnis aut magnam. Aliquid ut sed minus enim voluptatem. Illum non ratione qui.', 0),
(3, 76, 'schiena', 0x687474703a2f2f6c6f72656d706978656c2e636f6d2f3634302f3438302f, 10, 'Incidunt nihil ut inventore sint quidem voluptate esse. Accusamus mollitia omnis aut adipisci. Facere ipsum fuga quidem qui quos ea asperiores.', 0),
(4, 99, 'braccio', 0x687474703a2f2f6c6f72656d706978656c2e636f6d2f3634302f3438302f, 5, 'Occaecati accusamus ut ipsam rerum. Optio debitis aut ullam vero dicta. Dolores non non itaque. Sint et quis quia et quod.', 0),
(5, 97, 'piede', 0x687474703a2f2f6c6f72656d706978656c2e636f6d2f3634302f3438302f, 6, 'Unde libero distinctio itaque quaerat eveniet et harum magnam. Ducimus sit rerum enim non. Earum adipisci occaecati sapiente provident neque sapiente molestiae. Occaecati cumque vitae est est.', 36),
(6, 80, 'gamba', 0x687474703a2f2f6c6f72656d706978656c2e636f6d2f3634302f3438302f, 7, 'Fugiat et neque repellat voluptas rem tenetur. Consequatur doloremque temporibus quas. Vel iusto et occaecati est.', 33),
(7, 34, 'braccio', 0x687474703a2f2f6c6f72656d706978656c2e636f6d2f3634302f3438302f, 1, 'Quo enim consectetur molestias ut quod perferendis adipisci. Quis quo similique rerum rerum suscipit ipsam. Odio hic ullam nemo et placeat voluptatem occaecati. Aut dolor harum consequatur aut quia.', 39),
(8, 91, 'spalla', 0x687474703a2f2f6c6f72656d706978656c2e636f6d2f3634302f3438302f, 1, 'Dolores ut corrupti consequuntur id. Est aut et voluptates dicta earum autem veritatis. Culpa est expedita velit iste fugit et. Assumenda modi labore nesciunt tenetur quod ad ut.', 47),
(9, 62, 'faccia', 0x687474703a2f2f6c6f72656d706978656c2e636f6d2f3634302f3438302f, 2, 'Quasi a ut voluptatem dolores eius nam. Esse similique ad vel sunt laboriosam. Autem rerum et eaque expedita.', 10),
(10, 43, 'faccia', 0x687474703a2f2f6c6f72656d706978656c2e636f6d2f3634302f3438302f, 4, 'Est deleniti quo in aliquid eum consectetur. Ad facere fuga odit ipsum iure dolorum nihil. Sunt totam eveniet et quam sint. Nemo sit ut qui quam doloribus.', 0),
(11, 23, 'faccia', 0x687474703a2f2f6c6f72656d706978656c2e636f6d2f3634302f3438302f, 4, 'Ut reiciendis reprehenderit dolor amet et tempora voluptas qui. Sapiente ducimus voluptatibus voluptas vel laborum. Voluptas nihil voluptas ducimus illo repellat iusto.', 42),
(12, 100, 'gamba', 0x687474703a2f2f6c6f72656d706978656c2e636f6d2f3634302f3438302f, 9, 'Hic doloremque voluptates cupiditate architecto in. Commodi velit eos necessitatibus nostrum. Qui doloribus autem adipisci sunt.', 0),
(13, 15, 'braccio', 0x687474703a2f2f6c6f72656d706978656c2e636f6d2f3634302f3438302f, 1, 'Excepturi cupiditate enim vel ut recusandae error. Natus aut velit rem quia sit quidem commodi. Doloribus aliquid nihil illum dolorem consequatur.', 45),
(14, 75, 'spalla', 0x687474703a2f2f6c6f72656d706978656c2e636f6d2f3634302f3438302f, 9, 'Sunt dicta expedita sequi soluta qui. Non dolorem debitis deleniti perferendis modi consequatur minus. Error ut magni et corrupti. Voluptatem culpa commodi porro iste perspiciatis dolorem quia.', 12),
(15, 47, 'piede', 0x687474703a2f2f6c6f72656d706978656c2e636f6d2f3634302f3438302f, 9, 'Optio aut saepe sit et nam tempora. Cum voluptatem doloremque esse atque quos aspernatur consequatur. Culpa distinctio ex eius qui nesciunt consequatur ut enim. Et aut qui ea vitae itaque ipsam.', 0),
(16, 80, 'piede', 0x687474703a2f2f6c6f72656d706978656c2e636f6d2f3634302f3438302f, 5, 'Aliquid aut vitae quo qui qui perferendis. Voluptatum animi a nesciunt est magnam ut possimus. Sint sed asperiores consequuntur.', 11),
(17, 90, 'coscia', 0x687474703a2f2f6c6f72656d706978656c2e636f6d2f3634302f3438302f, 4, 'Libero dolore unde et modi sequi rerum. Nobis mollitia maiores distinctio et consectetur voluptatem omnis. Eos quia aperiam voluptas est.', 0),
(18, 43, 'spalla', 0x687474703a2f2f6c6f72656d706978656c2e636f6d2f3634302f3438302f, 1, 'Optio accusantium repellendus modi rem. Suscipit voluptas qui laudantium natus. Veritatis aliquam tempore et voluptatum impedit illum quas nostrum.', 5),
(19, 94, 'gamba', 0x687474703a2f2f6c6f72656d706978656c2e636f6d2f3634302f3438302f, 6, 'Eius quod ducimus hic mollitia ad consequatur. Soluta sit aperiam corporis atque a molestiae voluptatem. Illo quis omnis laborum distinctio qui explicabo debitis.', 0),
(20, 39, 'gamba', 0x687474703a2f2f6c6f72656d706978656c2e636f6d2f3634302f3438302f, 10, 'Odio enim perferendis omnis voluptatem dolorem reiciendis illum quidem. Praesentium aliquid rerum ducimus fuga. Hic dicta nobis expedita et.', 37),
(21, 13, 'gamba', 0x687474703a2f2f6c6f72656d706978656c2e636f6d2f3634302f3438302f, 5, 'Velit praesentium magnam hic. Animi doloribus qui ab. Et nostrum aut aliquid in id et rem est. Ipsum explicabo culpa eius non nam non.', 5),
(22, 78, 'gamba', 0x687474703a2f2f6c6f72656d706978656c2e636f6d2f3634302f3438302f, 4, 'Velit atque natus veniam magni. Non dolores occaecati nulla quia eum qui rerum.\nQui natus officia est atque eligendi. Magnam maiores ab dolore et aut dolore.', 0),
(23, 38, 'gamba', 0x687474703a2f2f6c6f72656d706978656c2e636f6d2f3634302f3438302f, 5, 'Consequatur odio dolores veritatis. Totam tempora itaque odit qui facilis. Pariatur maxime sed eos accusantium totam blanditiis. Molestiae aliquam aut officiis ratione praesentium vitae.', 28),
(24, 28, 'gamba', 0x687474703a2f2f6c6f72656d706978656c2e636f6d2f3634302f3438302f, 9, 'Voluptatem tempore consequuntur possimus quis iste ea. Consequatur modi corporis asperiores alias voluptates. Ipsum cum soluta labore voluptas.', 12),
(25, 82, ' mano', 0x687474703a2f2f6c6f72656d706978656c2e636f6d2f3634302f3438302f, 5, 'Eos corrupti ab et quasi. Et sit qui sunt tempore in quia. Aperiam quis natus dignissimos quo eius totam et. Aut quaerat rerum omnis corrupti temporibus aut qui.', 30),
(26, 88, 'braccio', 0x687474703a2f2f6c6f72656d706978656c2e636f6d2f3634302f3438302f, 4, 'Fugit ut officiis in et voluptatem laudantium voluptatibus in. Blanditiis et consectetur expedita eius assumenda. Rerum et et nesciunt qui ad.', 13),
(27, 43, 'spalla', 0x687474703a2f2f6c6f72656d706978656c2e636f6d2f3634302f3438302f, 10, 'Aperiam et cupiditate officiis vel veniam ad. Aspernatur quia nostrum ea aut quos sapiente recusandae. Accusamus iure ullam molestiae nobis similique hic omnis.', 5),
(28, 65, ' mano', 0x687474703a2f2f6c6f72656d706978656c2e636f6d2f3634302f3438302f, 1, 'Recusandae voluptas cumque aspernatur ratione alias nihil. Cumque aut omnis molestiae quis omnis laborum sit.', 48),
(29, 22, 'gamba', 0x687474703a2f2f6c6f72656d706978656c2e636f6d2f3634302f3438302f, 9, 'Explicabo mollitia aliquam quae iure similique. Et rerum eius laborum nobis et.', 0),
(30, 24, 'piede', 0x687474703a2f2f6c6f72656d706978656c2e636f6d2f3634302f3438302f, 2, 'Provident et beatae nesciunt qui eaque autem id. Nostrum qui quos corporis consequatur non rerum odit. Corrupti sapiente blanditiis sunt quia. Quis necessitatibus aut praesentium.', 0),
(31, 100, ' mano', 0x687474703a2f2f6c6f72656d706978656c2e636f6d2f3634302f3438302f, 6, 'Ut consequatur et nostrum ut dignissimos quidem. Voluptas et possimus aliquid cupiditate. Quisquam esse temporibus debitis eius voluptatem a consequuntur. Aut eos a in sed temporibus eveniet.', 0),
(32, 18, 'piede', 0x687474703a2f2f6c6f72656d706978656c2e636f6d2f3634302f3438302f, 8, 'Consequatur iusto labore veritatis enim. Delectus occaecati aut praesentium sunt aut illo quas adipisci. Aperiam amet facilis minima quaerat.', 45),
(33, 36, 'gamba', 0x687474703a2f2f6c6f72656d706978656c2e636f6d2f3634302f3438302f, 8, 'Sint provident nemo dolor assumenda animi recusandae et id. Voluptatem occaecati veniam aliquam sint dolor ut. Veritatis ea neque est ut et illum. Eos accusantium exercitationem quis non.', 22),
(34, 29, 'spalla', 0x687474703a2f2f6c6f72656d706978656c2e636f6d2f3634302f3438302f, 6, 'Nulla mollitia facilis minima vel rerum mollitia exercitationem. Quia illo exercitationem debitis sed alias nobis pariatur libero. Unde enim ut fugiat voluptatibus provident molestiae ipsam et.', 33),
(35, 19, 'coscia', 0x687474703a2f2f6c6f72656d706978656c2e636f6d2f3634302f3438302f, 2, 'Laborum a reprehenderit porro dolorem delectus recusandae voluptas saepe. Repellendus sed et veniam maiores.', 37),
(36, 68, 'gamba', 0x687474703a2f2f6c6f72656d706978656c2e636f6d2f3634302f3438302f, 3, 'Ea itaque dolorem voluptas voluptates consectetur sed nisi. Numquam et hic non qui in. Modi tempora aut fugit ipsam.', 0),
(37, 68, 'piede', 0x687474703a2f2f6c6f72656d706978656c2e636f6d2f3634302f3438302f, 2, 'Consequuntur maxime quibusdam repellat rerum enim rerum deleniti. Distinctio ex sunt totam sit dolor quisquam. Sint expedita inventore optio praesentium. Sit earum ut doloremque autem.', 0),
(38, 89, 'faccia', 0x687474703a2f2f6c6f72656d706978656c2e636f6d2f3634302f3438302f, 3, 'Et et ipsam perferendis nisi aut. Ipsum cumque minus dicta.', 11),
(39, 67, 'spalla', 0x687474703a2f2f6c6f72656d706978656c2e636f6d2f3634302f3438302f, 4, 'Esse quis vel a corporis. Sit veritatis laudantium sit harum ducimus est rerum ex. Amet molestiae et sit qui aspernatur eos.', 0),
(40, 21, 'gamba', 0x687474703a2f2f6c6f72656d706978656c2e636f6d2f3634302f3438302f, 4, 'Excepturi culpa magnam est aut nostrum sed qui quia. Aut voluptates corporis fuga non amet aut. Rerum nemo eius sunt minus perspiciatis quis.', 0),
(41, 87, 'faccia', 0x687474703a2f2f6c6f72656d706978656c2e636f6d2f3634302f3438302f, 6, 'Ipsum voluptate corporis dolor saepe qui officia suscipit aut. Ea itaque saepe totam nihil. Vel voluptas libero non consequatur veritatis. Officiis harum vitae laudantium necessitatibus.', 30),
(42, 41, 'faccia', 0x687474703a2f2f6c6f72656d706978656c2e636f6d2f3634302f3438302f, 7, 'Esse nihil omnis aspernatur eos et ipsa. Voluptatibus expedita illo veritatis explicabo.', 15),
(43, 80, 'schiena', 0x687474703a2f2f6c6f72656d706978656c2e636f6d2f3634302f3438302f, 3, 'Aperiam officiis consequatur at. Et repellendus velit totam eos excepturi voluptatem. Exercitationem in quidem dolor consequatur velit perspiciatis impedit.', 0),
(44, 64, 'coscia', 0x687474703a2f2f6c6f72656d706978656c2e636f6d2f3634302f3438302f, 6, 'Hic minima vero enim in ullam vel. Magni ratione nostrum magnam voluptatem. Ut vel perspiciatis voluptate sint et.', 0),
(45, 87, ' mano', 0x687474703a2f2f6c6f72656d706978656c2e636f6d2f3634302f3438302f, 6, 'Quo recusandae magnam cumque perferendis quod mollitia. Fuga id ipsam incidunt sit. Iusto possimus at commodi. Vitae consectetur ea sunt molestiae repudiandae et.', 0),
(46, 79, 'braccio', 0x687474703a2f2f6c6f72656d706978656c2e636f6d2f3634302f3438302f, 1, 'Rerum ex dolorum quo blanditiis quas porro occaecati laborum. Amet recusandae dolores quidem repellendus ratione fuga beatae. Accusantium quis rerum officia est molestiae voluptas.', 0),
(47, 12, 'braccio', 0x687474703a2f2f6c6f72656d706978656c2e636f6d2f3634302f3438302f, 1, 'Nobis ratione commodi earum omnis suscipit labore. In rerum cupiditate consequatur quos autem voluptatum eos aliquid. Necessitatibus aliquam reiciendis deleniti tempore quibusdam ad non.', 0),
(48, 98, 'faccia', 0x687474703a2f2f6c6f72656d706978656c2e636f6d2f3634302f3438302f, 9, 'Ea accusantium praesentium ut qui vel explicabo. Rerum consequuntur id atque dolorem harum. Dolorem sed pariatur blanditiis repellat omnis distinctio aut.', 0),
(49, 72, 'gamba', 0x687474703a2f2f6c6f72656d706978656c2e636f6d2f3634302f3438302f, 2, 'Pariatur hic ipsa in quo maxime quo est reprehenderit. Quam ipsum ea veniam eos laboriosam facere et. Itaque et adipisci quis est odit et sit fugit.', 0),
(50, 25, ' mano', 0x687474703a2f2f6c6f72656d706978656c2e636f6d2f3634302f3438302f, 7, 'Mollitia dolore voluptas vitae. Est debitis et voluptatem est voluptatum quis.', 14),
(51, 40, 'piede', 0x687474703a2f2f6c6f72656d706978656c2e636f6d2f3634302f3438302f, 9, 'Sint commodi distinctio non illo commodi. Autem earum aspernatur quibusdam aut quis cumque quia ducimus. Sapiente molestiae eaque quo aspernatur alias. Consequatur ipsum perspiciatis quia.', 0),
(52, 97, 'spalla', 0x687474703a2f2f6c6f72656d706978656c2e636f6d2f3634302f3438302f, 6, 'Aut ea ut unde. Sit quo cumque quasi eius. Non quos sapiente sit sed error perspiciatis sint.', 0),
(53, 12, 'gamba', 0x687474703a2f2f6c6f72656d706978656c2e636f6d2f3634302f3438302f, 10, 'Dolores accusamus quos eum quia dolores. Dolorem suscipit rerum vero sit ullam id et vitae. Earum eveniet inventore quam odit ut mollitia quia incidunt. Sed aut adipisci optio possimus.', 30),
(54, 96, 'gamba', 0x687474703a2f2f6c6f72656d706978656c2e636f6d2f3634302f3438302f, 4, 'Veniam dolores qui eum eveniet animi. Ut omnis iusto atque. Atque aliquid mollitia labore quo aut optio iure.', 1),
(55, 63, 'schiena', 0x687474703a2f2f6c6f72656d706978656c2e636f6d2f3634302f3438302f, 5, 'Facilis ea soluta reprehenderit. Doloribus minima libero quas tempore distinctio expedita nihil. Adipisci modi ea eius aperiam. Aspernatur ut laboriosam ipsum et recusandae. Nam sunt illum est nihil.', 48),
(56, 31, 'gamba', 0x687474703a2f2f6c6f72656d706978656c2e636f6d2f3634302f3438302f, 5, 'Architecto exercitationem magni neque et molestias ea nostrum. A et eos voluptas ut. Blanditiis odit nihil rerum corrupti amet saepe.', 8),
(57, 84, 'gamba', 0x687474703a2f2f6c6f72656d706978656c2e636f6d2f3634302f3438302f, 7, 'Perferendis qui similique excepturi qui cumque vel amet. Aut aut maxime voluptate dolor. Sit quia quia eligendi distinctio quam voluptatum.', 34),
(58, 27, 'coscia', 0x687474703a2f2f6c6f72656d706978656c2e636f6d2f3634302f3438302f, 4, 'Sapiente quae consequatur quasi assumenda sunt et. Placeat autem ipsa quisquam optio. Est quisquam voluptatem vel rerum modi eum sit. Laborum fugiat sunt maxime cum omnis qui.', 0),
(59, 29, 'gamba', 0x687474703a2f2f6c6f72656d706978656c2e636f6d2f3634302f3438302f, 6, 'Et hic reiciendis tempora distinctio expedita. Maiores vitae velit qui odio earum ullam. Eaque recusandae porro magnam enim quam reprehenderit hic ut. Quam sed nemo fugiat ut occaecati.', 0),
(60, 91, 'braccio', 0x687474703a2f2f6c6f72656d706978656c2e636f6d2f3634302f3438302f, 6, 'Iste officia sed qui ut earum. Voluptatem et a nihil non enim et. Dolorum vel sapiente earum voluptas. Modi deserunt quia laborum et temporibus tenetur.', 29),
(61, 91, 'gamba', 0x687474703a2f2f6c6f72656d706978656c2e636f6d2f3634302f3438302f, 6, 'Sit quae voluptatem alias nulla. Cupiditate eaque neque error minima rem. Ea sed aut unde eos assumenda occaecati. Adipisci molestiae corporis quod magni et aspernatur.', 0),
(62, 80, 'schiena', 0x687474703a2f2f6c6f72656d706978656c2e636f6d2f3634302f3438302f, 1, 'Vel repudiandae accusantium dolores et. Neque ea pariatur ex consectetur quia expedita. Aut reprehenderit maiores inventore quas et. Eligendi sed impedit maxime sunt qui corrupti quis reiciendis.', 21),
(63, 19, 'faccia', 0x687474703a2f2f6c6f72656d706978656c2e636f6d2f3634302f3438302f, 3, 'Quas sed illum ut vitae ut iure. Error minima unde quia libero omnis optio. Id dolorum ipsam ipsa et. Et nobis molestiae quisquam aliquam.', 0),
(64, 96, 'gamba', 0x687474703a2f2f6c6f72656d706978656c2e636f6d2f3634302f3438302f, 3, 'Consequatur quia quas et sint distinctio iste. Libero qui ab dolores asperiores qui eum illo. Quae corporis rerum repudiandae quam. Dolorem repellendus id sit aliquid ut et quaerat.', 0),
(65, 12, 'gamba', 0x687474703a2f2f6c6f72656d706978656c2e636f6d2f3634302f3438302f, 6, 'Temporibus inventore pariatur necessitatibus vel maiores unde. Et qui ut recusandae alias culpa eum quibusdam. Ea reprehenderit ea esse sunt.', 2),
(66, 89, 'gamba', 0x687474703a2f2f6c6f72656d706978656c2e636f6d2f3634302f3438302f, 5, 'Aut ut aliquam illum dolorem est. Sed voluptatem suscipit tempora. Culpa eveniet atque et animi ut aut. Aut voluptatem ea voluptatem deleniti et.', 49),
(67, 79, ' mano', 0x687474703a2f2f6c6f72656d706978656c2e636f6d2f3634302f3438302f, 6, 'Consequatur quo incidunt ullam nihil sed ipsa. Consequatur eum assumenda consequatur eum eveniet repudiandae quos. Deserunt quod rerum dolore vel tempora aut.', 39),
(68, 91, 'gamba', 0x687474703a2f2f6c6f72656d706978656c2e636f6d2f3634302f3438302f, 8, 'Debitis quia voluptas praesentium praesentium. Explicabo deleniti sint non nesciunt aliquid sit recusandae eius. Laboriosam similique ipsa exercitationem ipsum nisi mollitia.', 0),
(69, 73, 'schiena', 0x687474703a2f2f6c6f72656d706978656c2e636f6d2f3634302f3438302f, 7, 'Velit inventore distinctio dolore sint pariatur soluta rerum. Est dignissimos aut quia ea in provident quis. Laudantium excepturi quia veniam adipisci adipisci.', 0),
(70, 71, ' mano', 0x687474703a2f2f6c6f72656d706978656c2e636f6d2f3634302f3438302f, 10, 'Ab aut perferendis labore aut animi expedita. Perferendis provident minima dicta esse illum. Velit deleniti in quidem id possimus rerum. Tenetur consequuntur architecto eaque rerum.', 20),
(71, 97, 'braccio', 0x687474703a2f2f6c6f72656d706978656c2e636f6d2f3634302f3438302f, 1, 'Laborum numquam provident et sit. Ea aut excepturi maxime quod. Vero eum impedit et magni velit fugiat ut.', 0),
(72, 43, 'faccia', 0x687474703a2f2f6c6f72656d706978656c2e636f6d2f3634302f3438302f, 3, 'Iure quisquam quisquam autem exercitationem dolore tenetur. In sit consequatur vel debitis deleniti. Vero animi atque repudiandae nulla iste. Sit vitae quod quas ab.', 0),
(73, 48, 'gamba', 0x687474703a2f2f6c6f72656d706978656c2e636f6d2f3634302f3438302f, 6, 'Maxime illo illo itaque enim voluptatem. Sit praesentium ea vel qui quia. Omnis numquam quos hic eos laudantium aut dolorem. Laudantium earum aut aperiam incidunt molestiae et.', 46),
(74, 61, 'piede', 0x687474703a2f2f6c6f72656d706978656c2e636f6d2f3634302f3438302f, 3, 'Deleniti placeat ut fugiat nostrum. Sed excepturi sed possimus et esse quia et. Voluptas ipsa aut vero harum nihil consequatur nihil. Illum quaerat alias tempora praesentium ratione.', 13),
(75, 47, 'schiena', 0x687474703a2f2f6c6f72656d706978656c2e636f6d2f3634302f3438302f, 8, 'Officiis quia qui officiis quia. Et mollitia omnis cumque et. Illum quis libero libero dolore perferendis expedita. Dolorum praesentium est et ut.', 16),
(76, 92, 'coscia', 0x687474703a2f2f6c6f72656d706978656c2e636f6d2f3634302f3438302f, 2, 'Facilis maxime deserunt ducimus architecto laudantium accusantium nemo. Facilis repellat quis dolor voluptate. Et quis incidunt eligendi. In est assumenda error alias totam ea.', 0),
(77, 78, 'coscia', 0x687474703a2f2f6c6f72656d706978656c2e636f6d2f3634302f3438302f, 4, 'Quia aperiam facere vel et. Ea est aliquid sapiente omnis aperiam doloremque. Eos ut quia consequatur. Laborum et a quo sit nostrum iure saepe.', 0),
(78, 34, 'coscia', 0x687474703a2f2f6c6f72656d706978656c2e636f6d2f3634302f3438302f, 9, 'Ipsa ullam esse temporibus enim eveniet. Vel culpa non possimus deleniti. Alias cupiditate facilis autem voluptas quia possimus.', 23),
(79, 54, 'schiena', 0x687474703a2f2f6c6f72656d706978656c2e636f6d2f3634302f3438302f, 10, 'Nihil nisi qui necessitatibus odit. Velit nostrum ullam minus quia nemo. Sit ut minima et saepe iure vero ea.', 0),
(80, 92, 'faccia', 0x687474703a2f2f6c6f72656d706978656c2e636f6d2f3634302f3438302f, 6, 'Cupiditate et non consequatur consequatur voluptatem occaecati suscipit. At sed eum iste expedita.', 6),
(81, 49, 'schiena', 0x687474703a2f2f6c6f72656d706978656c2e636f6d2f3634302f3438302f, 5, 'Et optio magni a et. Ut similique aut dicta reprehenderit illum quae placeat. Nostrum quaerat quia voluptas dicta.', 0),
(82, 58, 'spalla', 0x687474703a2f2f6c6f72656d706978656c2e636f6d2f3634302f3438302f, 9, 'Laudantium eligendi dicta sint eius. Et in et excepturi iste in velit quae. Temporibus qui debitis et sequi quaerat qui. Ipsam quia id non nemo nesciunt blanditiis et aliquid.', 0),
(83, 87, 'braccio', 0x687474703a2f2f6c6f72656d706978656c2e636f6d2f3634302f3438302f, 1, 'Doloremque perferendis qui consequatur. Rerum ut similique sunt laboriosam. Est a eos consequatur id aperiam.', 42),
(84, 84, 'gamba', 0x687474703a2f2f6c6f72656d706978656c2e636f6d2f3634302f3438302f, 5, 'Earum quo laboriosam nisi alias. Ut quia distinctio dolore velit et. Aliquid et voluptas laborum sapiente ea mollitia officia.', 0),
(85, 100, 'faccia', 0x687474703a2f2f6c6f72656d706978656c2e636f6d2f3634302f3438302f, 2, 'Totam incidunt suscipit laborum quae labore officiis autem. Nihil fugiat facere sint. Quaerat asperiores sit saepe optio. Omnis odit rerum ea dolorem saepe aperiam.', 39),
(86, 28, 'piede', 0x687474703a2f2f6c6f72656d706978656c2e636f6d2f3634302f3438302f, 6, 'Cum sit ea facilis sed excepturi quas omnis. Ut ut itaque eius cupiditate dolores fugit reprehenderit et. Fugiat voluptates quo debitis et porro a tenetur quisquam.', 50),
(87, 85, 'braccio', 0x687474703a2f2f6c6f72656d706978656c2e636f6d2f3634302f3438302f, 9, 'Et iure molestias eligendi cumque voluptatibus. Rerum enim et itaque deserunt. Aut consequuntur sequi dignissimos quasi.', 0),
(88, 18, 'braccio', 0x687474703a2f2f6c6f72656d706978656c2e636f6d2f3634302f3438302f, 9, 'Eos necessitatibus quae facere ea. Quibusdam ut sapiente voluptas sed placeat et. Consectetur alias dolores ut voluptas vero illo. Sunt et enim dicta quia debitis accusantium temporibus aut.', 42),
(89, 77, 'gamba', 0x687474703a2f2f6c6f72656d706978656c2e636f6d2f3634302f3438302f, 9, 'Et totam non deserunt a. Omnis et sit ducimus et rerum qui. Architecto cupiditate incidunt tenetur corrupti hic.\nBlanditiis sed et non. Omnis ullam odio voluptatem in perferendis est nihil.', 0),
(90, 32, 'gamba', 0x687474703a2f2f6c6f72656d706978656c2e636f6d2f3634302f3438302f, 4, 'Molestiae in repudiandae quae nulla consequatur dolorem at voluptatem. Illum maxime et voluptate laborum rerum modi eaque. Laudantium porro eum voluptatum iusto.', 0),
(91, 61, 'gamba', 0x687474703a2f2f6c6f72656d706978656c2e636f6d2f3634302f3438302f, 5, 'Libero dolores corrupti dolores. Omnis iste debitis earum repellat. Vero deserunt nesciunt architecto fuga sunt ut.\nEarum maiores hic ipsa a optio. Praesentium et ea autem ut.', 0),
(92, 14, 'schiena', 0x687474703a2f2f6c6f72656d706978656c2e636f6d2f3634302f3438302f, 4, 'Eaque ea maiores ut natus voluptatum occaecati. Sed corrupti natus provident minima laboriosam recusandae. Sed repudiandae occaecati est ea.', 0),
(93, 21, 'gamba', 0x687474703a2f2f6c6f72656d706978656c2e636f6d2f3634302f3438302f, 4, 'Ea ab dolorem quod itaque incidunt ut eius. Nihil tenetur nihil dicta inventore.\nSuscipit dicta voluptas est ut distinctio recusandae. Cum dolor eligendi aperiam et debitis sit error est.', 0),
(94, 38, 'schiena', 0x687474703a2f2f6c6f72656d706978656c2e636f6d2f3634302f3438302f, 7, 'Non voluptas assumenda reprehenderit vel laboriosam. Sunt aut voluptatem ullam exercitationem est animi. Quis molestias nostrum sit eius voluptatum amet. Laudantium tenetur quia repellendus minima.', 13),
(95, 49, 'spalla', 0x687474703a2f2f6c6f72656d706978656c2e636f6d2f3634302f3438302f, 7, 'Expedita repellat labore dignissimos asperiores eveniet consequuntur. Recusandae in optio sed ab sapiente qui. Doloremque eos in eaque quia consequatur ut eaque mollitia.', 46),
(96, 74, 'spalla', 0x687474703a2f2f6c6f72656d706978656c2e636f6d2f3634302f3438302f, 10, 'Natus quidem dolores ut aut qui. Qui dolorum dolorem ea quo. Ut est minima ad et et et. Quia consequuntur magnam unde ratione.', 48),
(97, 46, 'faccia', 0x687474703a2f2f6c6f72656d706978656c2e636f6d2f3634302f3438302f, 2, 'Aut voluptatem omnis et aut. Et et odit velit hic voluptatibus. Voluptatibus blanditiis impedit animi.\nRerum non rerum ut et est magnam. Voluptas officiis nulla sapiente rerum qui deserunt ut nemo.', 0),
(98, 51, 'piede', 0x687474703a2f2f6c6f72656d706978656c2e636f6d2f3634302f3438302f, 2, 'Dignissimos aperiam et consequuntur et occaecati vel provident et. Labore perferendis occaecati unde sunt vel autem dicta. Ut ipsa nihil deserunt consectetur mollitia.', 45),
(99, 10, 'coscia', 0x687474703a2f2f6c6f72656d706978656c2e636f6d2f3634302f3438302f, 7, 'Molestias non pariatur nobis enim. Deleniti atque esse amet. Sequi ullam et repellat assumenda placeat qui. Eum sequi qui est cumque velit.', 33),
(100, 54, 'piede', 0x687474703a2f2f6c6f72656d706978656c2e636f6d2f3634302f3438302f, 8, 'Rerum error perspiciatis repellendus iure est et. Error soluta maxime sunt. Aut vitae distinctio reprehenderit ipsum.', 0);

-- --------------------------------------------------------

--
-- Struttura della tabella `tatuatore`
--

CREATE TABLE `tatuatore` (
  `ID_tatuatore` int(10) UNSIGNED NOT NULL,
  `nome` text NOT NULL,
  `cognome` text NOT NULL
) ENGINE=InnoDB DEFAULT CHARSET=utf8mb4;

--
-- Dump dei dati per la tabella `tatuatore`
--

INSERT INTO `tatuatore` (`ID_tatuatore`, `nome`, `cognome`) VALUES
(1, 'Else', 'Casper'),
(2, 'Magnolia', 'Champlin'),
(3, 'Daryl', 'Ferry'),
(4, 'Eliane', 'Cronin'),
(5, 'Maurine', 'Hansen'),
(6, 'Roscoe', 'Spencer'),
(7, 'Era', 'Kshlerin'),
(8, 'Maudie', 'Roberts'),
(9, 'Leland', 'Klein'),
(10, 'Trinity', 'Doyle');

-- --------------------------------------------------------

--
-- Struttura della tabella `tecnica`
--

CREATE TABLE `tecnica` (
  `ID_tecnica` int(10) UNSIGNED NOT NULL,
  `nome_tecnica` text NOT NULL,
  `tipo_aghi` int(11) NOT NULL,
  `colori` tinyint(1) NOT NULL
) ENGINE=InnoDB DEFAULT CHARSET=utf8mb4;

--
-- Dump dei dati per la tabella `tecnica`
--

INSERT INTO `tecnica` (`ID_tecnica`, `nome_tecnica`, `tipo_aghi`, `colori`) VALUES
(1, ' Thailandese', 4, 0),
(2, ' Giapponese', 6, 0),
(3, ' Handpoke', 7, 0),
(4, 'Tradizionale', 8, 1),
(5, ' Samoano', 5, 1);

-- --------------------------------------------------------

--
-- Struttura per vista `numero_tat`
--
DROP TABLE IF EXISTS `numero_tat`;

CREATE ALGORITHM=UNDEFINED DEFINER=`root`@`localhost` SQL SECURITY DEFINER VIEW `numero_tat`  AS SELECT `S`.`nome_stile` AS `nome_stile`, count(0) AS `numeri` FROM (`tatuaggio` `T` join `stile` `S`) WHERE `T`.`ID_stile` = `S`.`ID_stile` GROUP BY `S`.`ID_stile` ;

--
-- Indici per le tabelle scaricate
--

--
-- Indici per le tabelle `appuntamento`
--
ALTER TABLE `appuntamento`
  ADD PRIMARY KEY (`ID_appuntamento`),
  ADD KEY `ID_tatuatore` (`ID_tatuatore`),
  ADD KEY `ID_cliente` (`ID_cliente`);

--
-- Indici per le tabelle `cliente`
--
ALTER TABLE `cliente`
  ADD PRIMARY KEY (`codice_fiscale`);

--
-- Indici per le tabelle `seduta`
--
ALTER TABLE `seduta`
  ADD PRIMARY KEY (`ID_seduta`),
  ADD KEY `ID_cliente` (`ID_cliente`),
  ADD KEY `ID_tatuaggio` (`ID_tatuaggio`),
  ADD KEY `ID_tatuatore` (`ID_tatuatore`);

--
-- Indici per le tabelle `specializzato`
--
ALTER TABLE `specializzato`
  ADD PRIMARY KEY (`ID_stile`,`ID_tatuatore`),
  ADD KEY `ID_tatuatore` (`ID_tatuatore`);

--
-- Indici per le tabelle `stile`
--
ALTER TABLE `stile`
  ADD PRIMARY KEY (`ID_stile`),
  ADD KEY `ID_tecnica` (`ID_tecnica`);

--
-- Indici per le tabelle `tatuaggio`
--
ALTER TABLE `tatuaggio`
  ADD PRIMARY KEY (`ID_tatuaggio`),
  ADD KEY `ID_stile` (`ID_stile`);

--
-- Indici per le tabelle `tatuatore`
--
ALTER TABLE `tatuatore`
  ADD PRIMARY KEY (`ID_tatuatore`);

--
-- Indici per le tabelle `tecnica`
--
ALTER TABLE `tecnica`
  ADD PRIMARY KEY (`ID_tecnica`);

--
-- AUTO_INCREMENT per le tabelle scaricate
--

--
-- AUTO_INCREMENT per la tabella `appuntamento`
--
ALTER TABLE `appuntamento`
  MODIFY `ID_appuntamento` int(10) UNSIGNED NOT NULL AUTO_INCREMENT, AUTO_INCREMENT=501;

--
-- AUTO_INCREMENT per la tabella `cliente`
--
ALTER TABLE `cliente`
  MODIFY `codice_fiscale` int(10) UNSIGNED NOT NULL AUTO_INCREMENT, AUTO_INCREMENT=301;

--
-- AUTO_INCREMENT per la tabella `seduta`
--
ALTER TABLE `seduta`
  MODIFY `ID_seduta` int(10) UNSIGNED NOT NULL AUTO_INCREMENT, AUTO_INCREMENT=101;

--
-- AUTO_INCREMENT per la tabella `stile`
--
ALTER TABLE `stile`
  MODIFY `ID_stile` int(10) UNSIGNED NOT NULL AUTO_INCREMENT, AUTO_INCREMENT=11;

--
-- AUTO_INCREMENT per la tabella `tatuaggio`
--
ALTER TABLE `tatuaggio`
  MODIFY `ID_tatuaggio` int(10) UNSIGNED NOT NULL AUTO_INCREMENT, AUTO_INCREMENT=101;

--
-- AUTO_INCREMENT per la tabella `tatuatore`
--
ALTER TABLE `tatuatore`
  MODIFY `ID_tatuatore` int(10) UNSIGNED NOT NULL AUTO_INCREMENT, AUTO_INCREMENT=11;

--
-- AUTO_INCREMENT per la tabella `tecnica`
--
ALTER TABLE `tecnica`
  MODIFY `ID_tecnica` int(10) UNSIGNED NOT NULL AUTO_INCREMENT, AUTO_INCREMENT=6;

--
-- Limiti per le tabelle scaricate
--

--
-- Limiti per la tabella `appuntamento`
--
ALTER TABLE `appuntamento`
  ADD CONSTRAINT `appuntamento_ibfk_1` FOREIGN KEY (`ID_tatuatore`) REFERENCES `tatuatore` (`ID_tatuatore`),
  ADD CONSTRAINT `appuntamento_ibfk_2` FOREIGN KEY (`ID_cliente`) REFERENCES `cliente` (`codice_fiscale`);

--
-- Limiti per la tabella `seduta`
--
ALTER TABLE `seduta`
  ADD CONSTRAINT `seduta_ibfk_1` FOREIGN KEY (`ID_cliente`) REFERENCES `cliente` (`codice_fiscale`),
  ADD CONSTRAINT `seduta_ibfk_2` FOREIGN KEY (`ID_tatuaggio`) REFERENCES `tatuaggio` (`ID_tatuaggio`),
  ADD CONSTRAINT `seduta_ibfk_3` FOREIGN KEY (`ID_tatuatore`) REFERENCES `tatuatore` (`ID_tatuatore`);

--
-- Limiti per la tabella `specializzato`
--
ALTER TABLE `specializzato`
  ADD CONSTRAINT `specializzato_ibfk_1` FOREIGN KEY (`ID_tatuatore`) REFERENCES `tatuatore` (`ID_tatuatore`);

--
-- Limiti per la tabella `stile`
--
ALTER TABLE `stile`
  ADD CONSTRAINT `stile_ibfk_1` FOREIGN KEY (`ID_tecnica`) REFERENCES `tecnica` (`ID_tecnica`);

--
-- Limiti per la tabella `tatuaggio`
--
ALTER TABLE `tatuaggio`
  ADD CONSTRAINT `tatuaggio_ibfk_1` FOREIGN KEY (`ID_stile`) REFERENCES `stile` (`ID_stile`);
COMMIT;

/*!40101 SET CHARACTER_SET_CLIENT=@OLD_CHARACTER_SET_CLIENT */;
/*!40101 SET CHARACTER_SET_RESULTS=@OLD_CHARACTER_SET_RESULTS */;
/*!40101 SET COLLATION_CONNECTION=@OLD_COLLATION_CONNECTION */;
